X0,X1,X2,X3
0.001154169189215097,0.0887564842649178,0.17904514798693125,-0.10856278227370908
-0.022580874443712196,0.05783231378193865,0.15382290106188673,-0.14054703989935657
0.01679922951446285,-0.16344184131738243,-0.016424385036181124,0.00824302702080911
0.08404787923924678,0.3208625047520787,-0.18791512688246295,0.11692967968951969
-0.13504971495963755,-0.11826988495925142,0.24203409232736092,-0.1865923377804936
-0.19401373919584344,-0.2653682220368266,0.43745090434384193,-0.27107049201926336
0.1596517060016005,0.3155009843443319,-0.29231398976773215,0.2826349330146863
0.05726617707093582,0.06809650528221295,-0.2810121893442191,0.1350958151949472
-0.12878417495723862,-0.051092846957638924,0.2616523155123249,-0.278110692360626
0.16678195076439684,0.2043112890919725,-0.4130310848848391,0.17019616863955078
-0.1056505838853574,-0.10645077008884644,0.14995589461700642,-0.09285273273981677
-0.02732241154268186,-0.059241703733560774,0.06946989033163953,-0.20269771763065045
0.048951886924431615,-0.05651147034690901,-0.07052746177492439,0.01842004677811668
0.09897445659030185,0.24889057993536973,-0.31479396526954395,0.07180354850030785
-0.2226481463854106,-0.21939565887450874,0.32835883551476064,-0.20198031972203592
-0.029102266275558127,-0.11802979399789844,0.17660106831757708,-0.17590153199219216
-0.056669368885274386,-0.009043505966144227,0.11160269346361774,-0.11785808504703466
-0.1287606795756699,-0.14368355742385125,0.21896897613120198,-0.08662320950909216
-0.005175195908713155,-0.10899470376635391,-0.012635350078995999,0.13201334264927475
0.05243848234269058,0.09660505947268835,-0.16372235145559583,0.23985451863924812
-0.12853747222010087,-0.1880626581215343,0.3973609588479252,-0.13856121254279594
0.11872214502554906,0.04248802626567341,-0.15167825811822006,0.057996450764106686
-0.03642218797080347,-0.22524795092939404,0.04713864543179352,0.08592152066457451
0.018749561153844078,0.017717232434932638,-0.17626129502885915,0.15956644525359842
0.007152123070987003,-0.337172705032281,-0.12721810686505045,0.03138176700151503
0.22704230697824973,0.312211004742621,-0.29842693670979803,0.3328367752318273
-0.15261749724775886,-0.18784964715143182,0.21305177377570145,0.06070468985184238
-0.11996545710816203,-0.24770217291182603,0.2602592397978981,-0.3905741234480094
-0.16642287926831065,-0.3763438999063812,0.09842029211785969,-0.12836464583212964
0.02905946582460389,0.06655015914892749,-0.12231636579690511,0.1514840194328406
-0.04929459597882956,0.13022160055671916,0.06072559484232827,-0.13470589570150676
0.011177347630670865,0.027345019475553706,-0.14520667760207998,0.005708771695478454
0.15862620824814977,0.3878171086190494,-0.3247053222909257,0.24821913907625542
0.09877434844545102,0.21628995038237786,-0.10121170266269669,0.16570574495321688
-0.045400598653387705,0.025744419179205745,0.20701144763798707,-0.31456951147446044
0.22194842768549763,0.4080943376267949,-0.26927849877419846,0.06824801431253628
-0.0720606089399413,-0.051897567989341226,0.1666344275642954,-0.03951762242033917
-0.06707263523281325,-0.045417216199233404,0.022641911852706254,-0.2351933933206075
0.14995364133430178,0.5395641462515296,-0.057943830136997276,-0.06562189923247727
0.0028595061204297525,-0.08240637859151695,0.01558894429530391,-0.09545150154682294
0.17117017390032577,0.15948597912697943,-0.34546300841263367,0.25403201718850627
-0.05734326250829796,-0.0807400433873888,0.02581162141681527,0.0020643690182514697
-0.032286100289654,-0.051834034539368724,-0.010346753007969,0.13764356440345804
0.008160628738835541,0.20904003351642605,0.24929965200978335,-0.18934786017486432
-0.11334165741387268,-0.15879732540031224,0.04778764285866502,-0.003513657201923554
0.002742470667056975,-0.07149386390650972,0.003916091486271699,0.055100710157971855
0.1446123879547593,0.1315942071788932,-0.2799172008219749,0.23027503289507892
-0.062067321375774115,-0.09528054965515106,0.015752930743503507,0.043861441452561316
0.13535022890804038,0.1553090128963909,-0.3013013038084238,0.12516712452817177
0.01384420237080837,-0.017859551932765994,-0.11767934218173536,-0.09321176312350768
0.10685818502466614,0.08921041084422426,-0.24672745881226088,0.06503459267206206
-0.11695765437816508,-0.1839169939010728,0.25302719567191584,-0.2236546784165988
-0.0638613041710213,-0.174548101555292,0.13184317202876084,-0.08816194188182294
0.13006872038800318,0.04289822129360471,-0.24734512723292723,0.2392646392277183
0.05477571354098193,0.0523990678548502,-0.28688884110588997,0.3275614985874016
-0.09921964255757897,-0.08945721908388901,0.2944688215025273,-0.18301613059197297
-0.011659496015601156,-0.14871410224112178,-0.054408926210844456,0.14416211098738463
0.03038911344382767,0.039970970422567614,-0.03807279540710255,-0.11607331180638011
-0.09081430673794859,-0.3893687968393749,0.13136500789460978,-0.2773662577430489
-0.051991036313091224,-0.21247900546666187,-0.02058742098944362,0.005695352813995986
-0.03935926093785326,0.01753592937879224,-0.008057781128618935,0.012570501382279602
-0.20846256345644681,-0.20234079183171966,0.38692725558156327,-0.29420595141285233
0.01987830015422999,0.07496884385724759,-0.12740856533802924,-0.0961588293564593
0.054525599655392956,0.0452796613995087,-0.04667411314646879,0.19486975348108762
0.005074923196424603,0.03513413037594937,-0.0011733472695107158,-0.12918113915072615
-0.023713461172712478,0.2911035000293265,0.26051786220262724,-0.1774709937558041
0.1046046732007796,0.00257845405996443,-0.12351066988302731,-0.1686262301642174
0.08137035805356385,0.20351803911312144,-0.15621063680346278,-0.057166153578248405
-0.008892956762379034,0.07632930329163064,-0.10096479847964117,0.06694184269972707
0.040506098747072235,0.06083169911496146,-0.13644786829352457,0.051903523705477475
0.04515308571973692,-0.16491223755067494,0.12986214917147862,-0.04140738540631421
0.010809833385871473,-0.19286115701643405,0.07395729472155632,0.0026393375675342404
0.04173840952439223,0.2441401484632678,-0.1997230954902142,0.006939005800183001
-0.07179647138594714,0.005916464792962053,0.019365130454313956,-0.010630305691386253
0.09350302444182444,0.22171057650129852,-0.13962381401629093,0.058321535883262034
-0.07096616811561625,-0.2171326441391282,0.08662269367122556,-0.16069323553818507
0.012898559177438665,-0.0473551794168161,0.09021639688967979,0.08403063302736184
-0.06994238226391175,-0.27941433993903253,0.3391271948197198,-0.20069414020396256
0.05893872946478678,0.10158256804724905,0.13356266446559445,-0.17275174738186033
0.08112662370608936,0.04516450999009966,-0.17745354642993652,-0.047772777721481946
0.09024504683952025,0.08187145168549459,-0.22404541305676798,0.15657271756949626
0.06816477061541132,0.2203784712202267,0.035217808367341036,-0.009868654194011256
-0.03891803476469975,0.0605385957256297,0.05730142751243096,-0.13097607350253837
0.13638275815739867,0.32763458124872463,-0.1391319742128782,0.22352624414279165
-0.022582203555176414,-0.09817863064576489,0.013097788937856972,0.007043444532594104
-0.056526339384511654,-0.16713368545826995,0.10023927448143499,-0.17640855242961928
-0.11446828339480795,-0.15204870077408164,0.2884136300243351,-0.036451666021178414
0.02332277016274381,0.002792656081696463,-0.21954200692815956,0.1962753685595099
-0.21255594697170294,-0.3244233161031146,0.3324471128365733,-0.182835170229816
-0.05941031479315391,-0.040804651624919405,0.1534430051410709,-0.1037167164565964
0.16043327276719102,0.2583218447152917,-0.4468778119845237,0.22947975442997343
-0.041544709150405715,0.026090007117070525,0.18461960945590908,0.0015542722186068225
-0.08030075300904907,0.11787548878040029,-0.018393829022514657,0.005364280679845649
-0.04177834417985121,0.05410436109128753,0.0700785588603016,0.0643922793328639
0.1078885638976473,0.08329273219054457,-0.3951434423690585,0.1459382020782365
-0.02053705181650006,-0.04216609473093185,-0.10816303020995527,-0.09697060531401563
0.06551656689480283,0.27851104583892344,-0.04661085540005738,0.10650850434086183
0.030473595427681882,0.1548295696125622,0.03329202966159629,0.041721460658509284
0.013967864583057274,0.14602923086681496,-0.1201168047138997,0.15631925047999806
0.10060603871756833,0.1147272142204148,-0.09024001080318891,0.02795582324646359
-0.005648726101906281,-0.07502254794815956,0.06930430472801212,0.06835621438673055
-0.029778957727550764,-0.038868686736091486,0.10924809198286867,-0.02242107299701561
0.25935125439977275,0.34987880659996357,-0.401559628572608,0.19606086758514252
-0.06634697978775404,-0.1587516631279296,0.06020164008641439,-0.033607575975899445
-0.15179607546218235,-0.043547195198212846,0.12507778031218514,0.05595963261080146
-0.023724556283262636,-0.24067216049972157,0.026144429703794842,-0.07800597581447319
0.10896174164106634,-0.02650779236399045,-0.09921553747549863,0.0013807489133473017
0.049018471662380596,-0.007992795720812157,-0.12490778835104485,0.029478593578325482
0.07416502105205394,0.20572218259864225,-0.18544366291516967,0.11352011698165868
0.11470791357681837,0.1867626624066337,-0.10257358214412439,0.14643191766024366
0.12925824399140878,0.11376182734706641,-0.24708879819121693,0.14970537186419716
-0.0812118029267177,-0.10438785202940247,0.1457728154536394,0.09280107511001572
-0.0927431241752808,-0.07113746117096584,0.12657871203447138,-0.09350018686310463
0.07079522972966991,0.11351723707424573,-0.05645610072889114,-0.08864839071645803
0.1631264669378596,0.28138592596194695,-0.3737901836439914,0.2763734064831323
0.11097079414191986,0.0681648469000538,-0.180151261706815,-0.06594137547184034
-0.10666332947035165,-0.37648310887350933,0.22372745086215287,-0.08612768931290342
0.031208450309839927,-0.059887810438706494,-0.007451952116361592,0.04948888560445278
0.0445104706760875,0.14815822806512594,-0.12486989683957492,0.045239322225826425
0.04684103092348357,-0.002002989483332912,-0.24426224689712742,0.21403308630136406
0.009904692832304596,0.07395802650802588,-0.028061891442766714,0.14819737236513883
0.10445850820028157,0.10995594060016256,0.07236358772259721,-0.007326927457752867
-0.0131327187392733,0.0033023287653914796,-0.02502128028111086,-0.09403099645216204
-0.009405333688687907,-0.16180178686458793,0.12001887315153897,-0.21974624767384168
-0.17969240008936818,-0.29911473659963106,0.3735423899239596,-0.24945908687745813
-0.06040157442417789,-0.13829282227342315,0.1839532819750141,-0.11193456478552075
-0.09246291417022617,-0.24875368875534185,0.05825685448911613,0.05599768310966906
0.14039804487589658,0.24747111514311196,-0.3497585593557945,0.4457555971729271
-0.1749288161785238,-0.2639656301400194,0.3106760848671698,-0.25479014417908524
0.07102933870515366,-0.008697631486209181,-0.18455371657057315,-0.06874985698778269
-0.09898546695874245,-0.004582987179410941,0.16957678513932928,-0.08459774819026197
-0.07018571175252718,-0.11215825216110471,0.04978380580117579,-0.025446775657065657
-0.0421677857811736,-0.01966147593808453,0.28209882446069207,-0.3187194327663148
-0.009576602049069608,-0.07011520544091528,-0.141072743334144,0.16888078916419744
-0.03790112257320774,-0.05377700101451349,0.0375527391038326,0.013992496929078502
-0.032485005561634826,-0.09102642768932338,0.1004876687249249,-0.03447597887384037
-0.054065286391423086,0.14533040087624507,0.3216341602485816,-0.09947527563339778
0.08534156580464888,0.3811988877913404,-0.23533688194165553,0.11540919610330291
-0.05104004524039566,0.06523548757159643,0.13830254178631507,0.10215478632992205
0.08677014109563913,0.24173809234028953,-0.05537516228898115,-0.036385058878117056
-0.04716491502967626,0.04142837984314719,0.14185057844358004,-0.20959232585573115
-0.0918713451377057,-0.06613951888317643,0.1558408087071425,0.00908516839210012
0.09909602347422945,-0.11665137731626493,-0.1568610080175955,0.12758468009434115
0.12309564570800287,0.06472782753195105,-0.29344358570602014,0.2970507022935761
-0.044546090199249364,-0.013703883099339918,0.1255939943087492,-0.0746058227410118
0.051250446654346554,0.0341977070534153,-0.05639568146889633,0.04148716516179287
-0.02117355729224639,-0.06029719038060573,0.010326777925003423,-0.04556182217790547
0.06917262697186209,0.08797798025863277,-0.10855433705332863,-0.02114426783095058
0.19499939244268655,0.138378029202895,-0.29471171328874074,0.15149900467527322
-0.18472545250165545,-0.3059879338401132,0.30727523109675325,-0.29860129640873184
0.09401756362631564,0.2448239528169967,-0.06621589423668975,-0.1055284988193518
0.07969810042212305,0.10928584539677251,0.021995919208435882,0.0831536031826874
-0.014104180144277917,0.04935755026073078,0.06745199059521459,0.04844671229816295
-0.1241146552733516,-0.2866825387873011,0.2643558821667665,-0.1929399125161377
-0.049469714188600716,-0.11582901783814606,-0.17979642738382118,-0.020210513359647686
0.1651854730309097,0.30728459478095954,-0.38340610390026764,0.2541462220675512
-0.016590018751915247,0.043468260252229725,-0.07621995793764202,-0.039446505301050205
0.009157118331363498,-0.14123150610004018,0.006461256193794392,0.06812551368278275
0.1293568948248379,0.21015529546100517,-0.19641742594593653,0.09861214657903367
0.050401541739982084,0.005779794244026609,-0.06230721834378458,0.18149070100520523
0.1868320637275151,0.10118444272130095,-0.3426589386068345,0.29179117700247975
0.11795847276607843,0.1889506496875783,-0.25613425850791366,0.1528757130090526
-0.10879126284160619,-0.21573708218286508,0.2328435706250294,-0.17075943902447843
-0.15089099656258312,-0.29630748775595467,0.17688659982857535,-0.1076694422431486
0.011269741344550718,0.10947645171498513,0.0014972261138609909,-0.19385585231273877
-0.0018225457488226173,-0.11885835417175375,-0.025643467716819197,0.03517973789795793
0.1339908254592743,0.10512699617034453,-0.2696310514806589,0.17886363660232762
-0.07375546703375944,-0.15714063288746938,0.11881283640013335,0.03338286985820929
0.060958867918524534,-0.15465655966007047,-0.26959142128117586,0.07754851064816379
0.005092067161662827,-0.0030984368906384566,0.08611939714673793,-0.07067786298286982
-0.11279918057658392,-0.15322806131043626,0.20600644697532183,-0.08989437587881893
0.03305806337346249,-0.08359743442624157,-0.1250011314095274,-0.03141134783261389
0.08969250092920827,0.13729311783173245,-0.27992985616773136,0.2215340847853862
0.1553103240585189,0.21895546582802705,-0.2599918938024827,0.11457490275495566
-0.1005070069869196,-0.10597534069579496,0.24927972602128629,-0.15096249731156555
0.008916402297523116,-0.08942769171870214,-0.006367835166206445,-0.028922460567186777
0.05039718486990657,-0.09434041096908805,-0.11060312195764585,0.21791448642632077
-0.025846701532031155,-0.0461519208949855,-0.026168012284585117,0.010807769371291187
0.03157115579633992,0.15298906919118624,-0.1637910361402423,0.14949028474703185
0.07081448471628321,-0.022645210297369045,-0.21569090814731343,0.1948627784750363
-0.05431807534262503,-0.2247054742791999,0.2629667142313885,-0.17824930417736834
0.16802089955087407,0.1861875418446751,-0.15250812714691359,0.13682523603264493
0.06206441220294101,0.0717845668048419,-0.039547734092013176,0.12408722527317499
0.2116243338776588,0.30727772632647526,-0.26907805371794175,0.04910438712937476
0.059340741863865,-0.03575186496493188,-0.16805172913453026,-0.024235526023906703
0.025936675992285788,-0.05890823816454337,-0.12427796459301442,0.11828445864893497
-0.1495999286925426,-0.2712587064055963,0.28797258168276385,-0.23672086079715937
-0.04306365187545749,-0.14706588500932566,0.037824509109777874,-0.22145851104408942
-0.012277725940554466,-0.09813414510370295,-0.09589355248150963,0.06687108642225442
-0.08348048255813524,-0.05512934077088066,0.14719694257400018,-0.044974623186395404
-0.003934931375626229,-0.005287922589506305,0.06496833405993636,-0.13222475504567824
0.08807398247186743,0.18455501239803407,-0.11772037268487412,0.11173125597653236
-0.04587147014681478,-0.10961825380124862,0.2830744741112289,0.06443996309604488
0.03769851227149301,-0.05362653568823778,-0.20137995421424315,0.09347146818850813
0.06881713147620941,0.1798560383168197,-0.03403503340824446,0.20941940073306622
0.037879828738020926,0.0652222779577958,0.1308755442593711,-0.21909252405848922
-0.06115654565176411,-0.08758252382073638,0.039594404145450124,-0.0019763681293620793
0.08720393062532511,0.1368754198170319,-0.051885624664147006,-0.0034012195640782117
0.11987820295814562,0.27325293187406896,-0.33609069175692874,0.11919063391487135
-0.13888935372937922,-0.08551264788913879,0.22956700960402388,-0.21893758733978036
0.24626950925763952,0.17136938061592646,-0.4558990726945632,0.2863191276504067
0.010126105173097172,0.09788287484929263,-0.09300522988420495,0.10687134601312963
0.20768916072613985,0.2626665718961076,-0.2013916723280933,0.017863201172462678
-0.12589204092846354,-0.22840431457709537,0.3153688816528155,-0.09878555418828301
0.15002956873838633,0.27337553219208466,-0.25850300028255885,0.3204246983509039
-0.06045056127718536,-0.2695395658870713,0.11127791196118696,-0.018902226193106733
0.006519607022551267,0.025546279819631704,0.05506135264774116,-0.03723071314644164
0.00642596398979166,0.013229773091717665,0.20443612612730186,-0.3075154035854686
0.05187127650958551,0.1316219870179436,-0.18274001778644636,0.06670213195923447
-0.1349068138233115,-0.016668740919270397,0.18021822849879776,-0.2053225485410491
0.025754675372306815,0.07953863032040769,0.16214037579122376,-0.044213965788761786
0.13368536446624868,0.19410969373113707,-0.20841594354809442,0.02292755426502581
0.14166763612196756,0.2751743092886286,-0.1378788968564899,0.13378000807052887
0.10915085618873427,-0.10980781140109946,-0.22854984342326937,0.28791557395925604
0.13089621042361602,0.18042855615906123,-0.23313203111046388,0.2866064180516047
0.06901584981328214,0.27933060610923904,0.007581301330332663,0.1084601682446852
-0.2258437023346511,-0.2542598096058734,0.256587794268471,-0.04776910125987202
0.0745507448774042,-0.04379478255306431,-0.1416729602253702,0.25578539106466497
-0.0678513510819979,-0.18814793050061782,0.02990325265724182,0.11529832541962277
0.10153370287719393,0.08477937364250375,-0.3039734868145678,0.11318864465187511
0.015005755859725592,0.006314679624637524,-0.15596612303292803,0.1133326807941437
-0.010329376575510463,0.08428287535951524,-0.1472298961627025,0.06380279002175535
0.057002616552722686,0.23275792235411458,0.006519422574322961,-0.003779650660338491
0.026839865939835558,0.030641573746246535,-0.007844525505784378,-0.13272488836565732
-0.007975596220443257,0.10343394175442167,0.12488696391428071,-0.08297978536558868
0.02482877742844981,-0.08792713828642403,-0.12764163998621125,0.1535770208176796
-0.17860972962833777,-0.25465395567343463,0.356179754967643,-0.2641678988862623
-0.043277751863945425,0.03142108059767589,0.11819644087338776,0.177296329345977
-0.01712360449773474,0.2240747583139944,-0.021160854006688646,0.08672249000850388
0.0006157827585778501,0.12615681385180322,-0.0021141672501154736,-0.18939100359903402
0.09991646378629598,0.1852889642016422,-0.18194115636010258,0.25139427217515764
-0.08144499215771289,-0.18357816099797933,0.10215137614868713,-0.10919382260434571
0.15332341557587423,0.21168666168154718,-0.30077472606719613,0.13635397190253734
-0.06860678611975989,-0.06558433645144325,0.19923760598649065,-0.03728722896944524
-0.018681191006207215,0.1578769247898609,-0.037922263380352574,0.007622470307850779
-0.10035271149693206,-0.10042539824372425,0.3745477130001339,-0.24303785971024003
-0.06025780255709904,-0.16761589060388427,0.23907345536685026,-0.22717483062690733
-0.05130325069575006,-0.08922441656773138,0.1027680583110185,-0.08647282872704334
-0.07089864943060724,-0.24406945551411607,0.03710513649627496,0.05348462409395367
0.053764245213780495,0.043268525835774875,0.04206702383773868,-0.03591613055961986
-0.1331485669309533,-0.1042158469118027,0.27670742573554996,-0.24616128685820843
0.12058120211478725,0.1290506188105771,-0.19736603826238855,0.19821514848345734
-0.19235204747001153,-0.26894729090081393,0.3926785138809,-0.17916495641993085
0.08991221045036774,0.16527470898643318,-0.325290617942347,0.0689338278312813
0.070033473302523,0.09933526244396203,0.0017670009053223634,0.09799127302903778
0.05048221774361168,0.0715181524872275,-0.13598930952437416,-0.0254847713215888
0.21624763236292865,0.3938257596896517,-0.5309296345788537,0.522599614691764
-0.020001549137735372,-0.0007779414002955821,0.12870979385144704,-0.11841846974272721
0.012236984929820345,-0.012989724555968436,-0.16211757394839774,0.064583108847386
-0.19126149632293943,-0.3871474121832249,0.3649721778172086,-0.19585548683784207
-0.11129445344144816,-0.17472585496276957,0.34143605997646187,-0.09219489500731667
0.12231784144734881,0.09119087613687385,-0.171484566803338,0.1582316012758222
-0.10422246628444072,-0.024604664820070454,0.15143205418045214,0.0690026952565142
-0.008311418558336779,-0.019811794158695245,0.0028266893520061728,-0.06644324464613452
0.02066279313912825,0.04104221761083254,0.13621372198908596,0.054785194752599006
0.13282462439954398,0.26295121396503357,-0.34152980460463966,0.21228663741966716
0.011724469320940813,0.06400400019069731,0.05055027060946038,-0.03427510811292431
-0.0067773098930081245,-0.10272611704248666,0.030388034416780632,-0.0469934222631046
-0.012522560142366919,-0.08497365465392764,0.07869156986333897,-0.15906492398443006
0.04084128705674706,0.08373708388648105,0.04128406658237742,0.005809091262109597
-0.013159039415026972,-0.0215662770715996,0.032047876173648245,-0.05227517770081462
-0.038484722294535166,-0.04471187643410766,0.1597171901798543,-0.17657092681864994
-0.1574933169498503,-0.24000837284416782,0.2802172557314777,-0.1777628885754948
0.1760686984314335,0.24908223202446092,-0.21400527224444527,0.205959407006158
0.09709178081576737,0.22044128868633578,-0.2649646046783212,0.30083107826033373
-0.15496557934880903,-0.3164937114815991,0.31946074674049807,-0.1837994674859899
-0.044375402109804604,-0.09395008503034068,0.12606721152705685,0.009765607120185565
-0.12667991449835597,-0.050585589316343355,0.092064070952078,-0.14727647678118486
0.08402814928420016,0.02033823132620642,-0.3223549135847979,0.4155187874587053
-0.022860697904241202,0.033916433830475955,-0.03175620041621926,0.02317905955388919
-0.036948891845530143,-0.1756864104286347,0.04244935601194286,0.029958251123566666
0.02418180777784841,0.04680742539613597,-0.01621130759046588,-0.08526488000207158
0.009655313862052562,0.0010034699355210008,-0.05170404077094236,0.0418276588524367
-0.019365384324479044,-0.04888191689905037,0.16919397394848595,0.022862282549393487
0.07264894970642133,0.2760111835367208,-0.023061528611206666,0.06571860716808586
-0.1586316174971651,-0.2992851797879531,0.3952965556899372,-0.1469778092618177
0.17204584644656504,0.10300542632562654,-0.2800573231717065,0.166823746286205
0.02676727880973458,-0.051210041541612066,-0.04421819291597434,-0.10559492995018027
0.14772466984800636,0.052790681106477694,-0.2576626870350427,-0.0512847647491155
0.10436152451743136,0.06476136810294614,-0.323634194181578,0.1588370178842193
0.0943140743770796,0.05346904071790386,-0.332635290400611,0.2531328966700956
-0.028099579189867475,-0.051576410523220234,0.01033371393174115,0.009786070593970185
0.08657985098146584,0.17532810079557187,-0.13749070633282628,-0.06474417068871353
-0.18859064756801014,-0.34739859168929893,0.3568546744344713,-0.31758467367510657
0.12773025095695922,0.34481130450989594,-0.07800649326540587,0.10376575629892876
0.06777794433307366,-0.053441769431751954,-0.06968066848715834,0.11489780273027098
-0.06579546865072673,0.1017303694102798,0.10231145251582084,-0.03197937052516108
-0.10737568682971757,-0.12965807624828646,0.14843110351708355,-0.2555836355583557
-0.156053617487941,-0.4084228769247385,0.28825129503559155,-0.27743222675216606
0.08780953424548836,0.07926885141692333,-0.17323590726158017,0.09243475073685717
-0.11100312770027249,-0.04395004166966053,0.16813693079719497,-0.212095339408968
0.09162403033948285,0.18844611125629493,-0.004930716210453823,0.060668612194620254
-0.04440203233830375,-0.20027822559454445,0.27953473383399363,-0.1861819466603664
0.06995667938689681,0.02985095324460868,-0.183658412828473,0.20458438753600364
0.06278214598969716,0.0796675167109375,-0.2062462287479243,0.0016452943152100163
-0.13524849060987965,-0.18204917121801803,0.2843859344350294,-0.08150057224051974
-0.05244111709838242,0.06267749933556407,0.17209209211001308,-0.24032776204617157
0.003952606116170601,0.05167388811109834,0.07597556358731902,-0.2456091043446729
0.08780941625581865,-0.04409120694899071,-0.08248120615934584,0.1658449531105833
-0.07842123543446104,-0.08883232491688184,0.23248892585747016,-0.0970700005544569
-0.03012522694334857,-0.0055865489936004625,0.21389640636352852,0.05771549717234853
0.01600400774327968,-0.036709193776138,0.01627165643912047,0.17354091477850742
-0.27646847415618153,-0.2675900024136684,0.46483069271590455,-0.3262197601223188
0.055409913755847556,0.0903246659647547,-0.13007272032847297,0.0884949264280665
0.15587862931263965,0.09697048628899346,-0.2734870953389172,0.07888126670285145
0.169597661457058,0.14755142957164571,-0.5158315121309069,0.5094855620235226
-0.1303484333894241,-0.22059009946200847,0.40397775730475893,-0.33700746632236583
0.04813803462958847,0.1906980293457343,-0.12929446038382802,0.1266337154506846
0.054189032761034574,0.018596756081916736,-0.19564889816218128,0.18720964958738842
-0.039889645989162496,-0.10901081832439127,0.26524955167084163,-0.17772953887466203
0.011747073570891456,0.0039048952130101653,-0.08561156796309811,0.07560946570594682
-0.15288996816334322,-0.08151632686541976,0.43254527860877556,-0.4506895750606445
0.032030570311573296,-0.08547026126689412,-0.16436177972434923,0.11277888310395517
-0.033934003776192066,-0.16350162355971157,0.012826243870006152,-0.0010082352131665102
0.11481686818052084,0.13295439268890688,-0.1581251501765199,0.11705215235227204
-0.0980409558596718,-0.007898443921110776,0.1273078363935463,-0.24207020350798225
0.07861249221723522,0.19982838806790598,-0.0618291269923216,0.2367329261731648
-0.07030634958585592,0.08258909201272939,0.17892608673884983,-0.1518844248299059
-0.044906825617899424,-0.0911021559808125,0.019299514049775784,-0.16543085566648347
0.021682874323948328,-0.11974035625041914,-0.22525544706003908,0.19084849422903286
0.16031291042721207,0.2818494471372262,-0.27087871067765706,0.31950163203066406
-0.045500299937498184,-0.2567230600519556,-0.06948513697493704,0.06731839388631039
0.028617405077972294,0.0022681639318959806,0.0511833233393737,-0.03790717025708797
0.031992382510961676,0.17027902394103597,-0.013895477911246276,0.017219677934561903
0.06755626691429485,0.2506650726270213,-0.2180890258330176,0.17611185134530008
0.005759107976699981,-0.05135917108200421,-0.06815383912359296,-0.10650211137752032
-0.14759815502224807,-0.13759071941127868,0.20311024647982,-0.046437744506188594
0.06723667751769939,0.07012873030214328,-0.13746632130352968,0.044000585375906
-0.04876759540768359,-0.12729629827065883,0.023640280805261732,0.04090084322239304
-0.21001066681153976,-0.1988248242226161,0.3117758668755352,-0.22040550154220168
0.06817908589595731,0.008287799882717467,-0.12922524964148932,0.09090545472620423
0.09150675521995806,0.2416242232488242,-0.1746906011025793,0.10728603186488626
0.16776133863988962,0.33516021601840595,-0.43794141275236464,0.19446355677884977
-0.09273998650129228,-0.11097686160127763,0.2938830718052064,-0.23943850038702286
0.13773006138532076,0.20550623846141602,-0.3095793500461047,0.1800985655914625
0.12200327176529507,0.19233263992712768,-0.21507418291262984,0.30473425437042934
-0.1629047303553196,-0.27430900288026744,0.32066894731584783,-0.2866149745073956
0.16592428621049857,0.28723081510208903,-0.20677929270223144,0.05815535728700362
-0.08394780952310797,-0.21933193074092439,0.13944494604704713,-0.07471366493228282
-0.1611560962982014,-0.1643253529606534,0.30722814575434554,-0.16139234471895642
0.02333600508302413,-0.016990584985253597,-0.16326590052145065,0.15399903105212226
-0.09035034497403309,-0.21687682413173776,0.24388070769686232,-0.23790033229004864
-0.16075615645328345,-0.2663967705906384,0.2417005515186486,-0.21111410165048605
-0.0023752440270404045,-0.16613351938643894,-0.08410223873084266,-0.011800550499227791
0.061492512311016094,0.04778395943888597,-0.12103422003046141,0.03208952386080011
-0.0291986608420228,-0.029082886983219307,-0.03313557289295824,0.13204880866221433
-0.03926529349050838,-0.09957778083978636,0.09754657206097961,-0.08239531463262044
-0.08588249647798797,-0.031978634696497726,0.05233473228829022,-0.13555487674903544
0.04642501406975855,0.3227056459449663,-0.0995633558749377,0.2646039362032297
-0.013671011682391408,0.10623463215604864,0.018129267083079492,0.06172835357060392
0.02380815525003558,0.2595737474993369,-0.04085827730935572,0.05816429439552905
-0.01802808432077932,0.08735590459146007,-0.09960843186571688,0.27441179942926114
-0.19783428704389405,-0.36976969298327833,0.264121448000706,-0.2577811424851957
0.026410022032537492,0.12789123539118527,-0.004267069376285147,0.17351136418678276
-0.0765376397010785,-0.20055887667125458,0.12398209599743523,-0.004363245934931564
0.006112752210615723,0.19406981628158423,-0.04133909209696893,-0.020327308042054213
-0.020405795898951626,0.026408001101355487,-0.0007814095020968609,-0.13070420541101302
0.0089250875979019,-0.04795253253163682,-0.13389491173792942,0.11292655779400576
-0.12842121514855281,-0.1459643632349982,0.11662262902990583,0.03477621400343786
-0.06880345524704945,-0.07128060981008803,0.17180259993272864,-0.3009988853207289
0.0701347186583,0.029495687374219176,-0.05043235012514165,0.013377145100439691
-0.20509440682349275,-0.11734185528974367,0.4458836376622315,-0.1758867203735664
-0.15400589950633856,-0.2736028266473629,0.344403858145384,-0.09994158187738358
0.031622347414408745,0.18251333676778905,0.07615366077259017,-0.021499282467347138
-0.03623923352170318,-0.14191517578692897,0.08798852734401366,-0.09575351976740132
0.010667729045953438,-0.06055844489073855,0.11401575076045162,-0.17133878799171698
-0.09769046969982526,-0.14920207524231396,0.12873442390225637,0.09614073063977731
0.16807551828680137,0.1713207475553643,-0.14074718463745875,0.12170392996177068
-0.049587866250572356,-0.049689013641770946,-0.05955462293002993,0.07293121502667366
0.06491995056696245,0.025446671604594323,-0.20467509273310436,0.06804944862778342
-0.08480598277508292,-0.030931189102375842,0.06513067379568352,0.13783824806271794
0.060074702695885523,-0.014575586246607541,0.020510780676967225,0.02423898833823447
-0.15234736061762977,-0.1770641051749085,0.18984021250574162,-0.14752600955675077
0.07610936860717364,0.08834559277673318,-0.1062206505196622,0.24812078953103475
0.029845103019344784,0.024728219839550414,-0.05249167223913872,0.2101381727164164
-0.007370846738231147,-0.048118037527513195,-0.007797193133497915,-0.017399299411256116
-0.045457360861446236,-0.10651746669838828,0.08892641640242047,-0.0946111730173016
0.20609926495858255,0.06912685748991187,-0.3780569505376228,0.13901079259329652
-0.009597364626626713,-0.07577075557525516,-0.010127546076342038,0.021679870310081423
0.10179234547963406,0.3675211214770421,-0.4159969387553031,0.2942179355527237
-0.010234668680145637,0.2705661057272915,-0.055101941541459046,-0.10458746908244086
-0.09785518422233462,0.024255248977996385,0.2816844833542745,-0.3144999291791105
0.07507377605866766,-0.011036914955019073,-0.19034633952700078,0.047001454192460435
-0.1410783443673766,-0.18433680161020147,0.2722281134138274,-0.32315961082030575
0.034198114447992665,0.0523008262117225,0.037271786003325987,0.14146612518122895
0.14490238530995644,0.29352429066944263,-0.15909967978197806,0.11780157924672466
0.12423744893545836,0.031706123934546054,-0.18574394836776814,0.20014020521545822
-0.19127792688288348,-0.21318194565259155,0.3836388425775907,-0.3537722805313373
-0.028056892140555574,0.11316423812993182,-0.065197277239055,0.18357829010458182
-0.1562847892011901,-0.09309927418375186,0.24519567481608004,-0.14294806803575796
0.009341245969656867,0.03883656828626013,0.0003540443982578863,0.08400958543272105
0.07826073040014025,0.09199846363951912,-0.19318176775488616,-0.00465730530773259
0.11272519891106568,0.264156983115235,-0.017813874600452,-0.09520976791402089
0.13144474688747373,0.06006466342911068,-0.2357234629284167,0.13491557265119472
0.1284745351602809,0.2380662711766674,-0.17779074591460714,-0.04712677665041018
0.18838258457516788,0.3582463350818997,-0.19540283501946432,-0.11901387345039738
-0.05921807134133575,-0.17606018679182778,0.044600233067194905,-0.1398463591811936
0.081937264413929,0.051314282535010455,-0.006051234659589233,0.05847514201917071
-0.0750903220809555,-0.11298806349725446,0.04467335553368347,-0.05984357774945659
-0.0522994381916035,0.06810628475372171,0.10629724086998028,0.05936561740013152
-0.06376352509933779,-0.09175040311209184,0.1952740682454016,-0.1227948404351205
0.04991721234953359,0.15361063269916136,0.04211099653857088,0.03237580780002314
0.046232469249249286,0.07246502110839331,-0.20216735502178224,0.11512246832667494
0.09422639284451206,0.020744505573116745,-0.18249336619883627,0.2680739014643602
0.02421446125938176,-0.048253594227003,-0.2100832310608096,0.2427029069595932
0.038748640413085386,0.13622568745749547,-0.23471638348796003,0.17232868798671602
-0.054244926449011334,-0.1749948415551183,0.04133454638731994,0.20349694477402738
0.16162552449365022,0.4235635694352351,-0.41904006053601084,0.3422606470842768
0.18461534228361304,0.06793280624170822,-0.601448923142303,0.4490764137652328
0.0007792138065394695,0.015329447815059977,-0.08314437301133037,0.16709714770916576
0.05608033012073846,0.0487527123909956,-0.18780364484473042,0.09531129918368879
0.12207581540348744,0.099517949241656,-0.21995118539211783,0.26464216865881124
0.0663118725759432,0.11095675807222005,-0.03709849416314531,-0.05713543919642668
-0.06130241223941301,0.14643887694249627,0.0454985067767623,-0.13967555533142598
-0.06948937025261986,-0.2117315058952576,0.22309162206328137,-0.042525148643138
0.08037202096593833,0.11434216602573989,-0.05078519913137923,0.13101870221785608
0.03914064252041807,0.14432377579325914,-0.15966849553678664,0.012550056776066604
-0.05220067284231616,-0.15079579417538191,0.07862073127752986,-0.1292815156420625
-0.045800841208630705,-0.16355425404297919,0.3550425844613936,-0.10235285603916464
0.16660806964449823,0.35765146236164225,-0.4287603316979583,0.3142339998399769
-0.02166858035056199,-0.1855288220408761,-0.02380141674749036,-0.004663365478707181
-0.06297576793818431,-0.16438657366055595,0.052279319653058376,-0.14837030396860007
0.07871576808810817,-0.003311647612103799,-0.09883114197252851,0.11226255723096376
0.07479705984217905,0.2778576834893406,-0.10225590235686527,0.055918191185345245
0.10974870133797719,0.21121192382634393,-0.3721452604318666,0.24986343471840147
0.006496688459475028,0.04048719066323296,-0.09698510148401021,-0.030109681767014326
0.24544471254416134,0.20351930257403386,-0.26153883996667193,0.14372245312048684
0.035731647272329255,-0.01309697830044701,-0.019738905574350207,0.23422746480087933
0.05185716161798642,-0.03704554681844199,-0.13948383396656386,0.2222126167192476
0.16069473283708213,0.3309884365544325,-0.29508530992474,0.15903528706768624
0.04240750559589061,0.006054915347585801,0.027349608236209244,0.15854365020470268
0.04732424818819258,0.21239842039798607,-0.009775834849523976,0.213132390005148
0.0011035370180671926,-0.10284355481063959,-0.1394700791738716,0.0811645091212636
-0.06748286415371252,-0.0376843044619081,-0.017524931233742297,-0.1428301335632164
-0.010264561852011795,-0.04507981788138345,-0.09667939341584139,-0.17388195100049267
-0.12501705173929067,-0.045528823470825486,0.21074202886039642,-0.13100017230465683
-0.010296461247658033,0.0881576958071007,0.09803057262917957,-0.2667927806380713
0.012908209864326635,0.0999895507206758,0.06028836670686441,-0.04796196687857476
-0.09252966734979151,-0.1592631093750265,0.3050827927795179,-0.17102708021907567
-0.03467427005087134,-0.10319231375430254,0.08726436545433908,-0.08214030793864271
0.07913385578008003,0.23076546595368994,0.03486882277117423,0.10308668338916158
-0.07340229776048375,0.0013305078579026186,0.18325581729881724,-0.05366289284044555
0.008628481600050404,-0.05751093241536267,-0.030952041004620224,-0.01718024996983086
-0.07733420285367766,-0.25056483279290354,0.08019280254188477,-0.18967228854046134
0.07115289150855764,0.0751077756589354,-0.22590590568528843,0.1068128368017661
-0.09320438380516273,-0.09716140384128408,-0.13325420568861712,-0.01190432180882213
-0.08948762746827817,-0.1790426212296368,0.07175830871487007,-0.05690319803491208
-0.010121435998771773,-0.05100582064544232,-0.13588002072450114,0.018991669706437786
0.048025534287382175,0.10422965284820873,-0.24080529948726614,0.143307807049384
-0.04508341438169963,0.043081199678296656,0.1352272678355016,-0.10342993794297574
0.14005322961011257,0.31458602821317294,-0.12991849097653896,0.15587461413752152
0.059936218452077465,0.12888727700976543,-0.040170406895219724,0.18680615504691037
-0.11108926743693984,-0.11737959848881047,0.20708535047346543,-0.15272255833597087
0.051022531502094765,0.010439985963772325,0.01803212576879651,-0.24341726934869073
-0.06267435022768385,0.006881854768279572,-0.00293767707711029,0.25724640184211056
0.07031078415755483,0.0868785467586288,-0.08200490905888948,0.008752738551725626
-0.06569253773758366,-0.11250191806355701,0.1367779253701751,-0.09193145943113296
0.07498218678351644,-0.09842794116501137,-7.437280007802083e-05,-0.2090460062428135
-0.08947000812335593,-0.15107663169888266,0.042932852561677226,-0.13607106180375644
0.2779648479899697,0.3377372583117293,-0.4496312586698652,0.514143524754298
0.04339907543853003,-0.09469354145169329,-0.24727205469571162,0.2737941704310048
-0.17957522985483376,-0.20589078767649513,0.11476550712270339,-0.045698707228136466
-0.023688052709919374,-0.1532845268030566,0.16958453532228498,-0.11650082923728648
-0.02170013984890433,-0.12897676729354393,0.01595918412237602,-0.10973633035231899
0.07796316219031801,0.2644851553472902,-0.08219650530827402,0.06753915450936034
-0.06125137663014765,-0.24875406729717792,0.11539771402894052,-0.2803431280573769
0.29640319938244336,0.418278845654894,-0.5348776556039181,0.30747600091651706
-0.1601145602916807,-0.352724457561326,0.22164926873812774,-0.18563513916490884
-0.14243543673972325,-0.19211303208928956,0.22025971154614638,-0.14762703790131784
-0.13827390931598135,-0.1574861490159267,0.3604038202452585,-0.1659791756453276
0.07997078090952496,0.21490479585997735,-0.32359882061354467,0.24979388204398753
-0.018104744429287653,-0.08805330245839856,0.02156243013331245,0.04318930054765459
0.06493881692862467,0.1890655710940683,-0.21346984137711073,0.11994790746709179
0.11877577292435015,0.10553275124197006,-0.26029760199701807,0.2846538076885551
0.05445518787462664,0.16846031746536455,-0.03713539767833229,0.04681270547594723
-0.13361550881512493,0.03386589142359636,0.06811304318303363,0.025063290462639373
-0.034655556387257175,-0.09037673221030587,0.0021767256571957605,-0.05466007304524997
-0.07043351427239185,-0.34538845898148796,0.2027364685307253,-0.1788681534371354
0.09524823066159256,0.11631452159665372,-0.13378227303596257,0.20597610636191643
-0.06477699051624637,-0.08496181752667355,0.22868982185305595,-0.1424099129970227
-0.1885800518762461,-0.13687845002972004,0.3668759041465679,-0.2096890789058
-0.003794384263532616,-0.05424026670320848,-0.0022887235524843693,-0.16878251475527944
0.004830673901653625,-0.1918131699329476,0.06031713156422603,-0.0927940059625929
0.09429442564986558,0.08771321210301075,-0.023687043402287417,-0.028046620620816268
0.03558718400380872,-0.0254604342245828,-0.15373256684169123,0.2085856942049092
-0.007624652877651407,0.08532067965890519,0.051673962062028254,0.1138497540860341
-0.12331160663556351,-0.30498118395295915,0.09133364777407191,-0.14566765621774663
-0.054615331927353176,-0.1441889813772386,0.016063515637659745,-0.04076173577604285
-0.23882489671282137,-0.3281092650330182,0.3929024948209294,-0.2628827093670069
0.07495163738912823,-0.10244178352319576,-0.04060894593468162,-0.10801112729066167
0.15365562998094198,0.20804678049449982,-0.2575133143231381,0.14713057265170995
-0.07959383887362427,-0.13878201966970782,0.12007468003440086,-0.029563723025505306
-0.18364010194579727,-0.2076503146403509,0.4328938332110318,-0.2542630193650829
-0.028335035670845395,0.059901811682562554,-0.03682804950859631,-0.04353119041999613
-0.16152188728631597,-0.1226146180718685,0.42518291459650576,-0.1078799590158277
-0.06377767791104501,-0.012623316165573897,0.10051354918525422,-0.12877863532737677
-0.14356403044443047,-0.057607463625162614,0.1930881137804253,-0.18953781196090647
0.11557961765048641,0.07656757280752997,-0.24421849423254074,0.13775306615196137
0.006666175385371637,0.0706993486195232,-0.08385016270211754,0.0901150881796994
0.14163369188074712,0.15351981580007432,-0.12680716464787994,0.1282697548711701
0.09809195775883334,0.15689017408121525,-0.17489715533146552,0.014535124270276464
0.03820560657674077,0.13225846525187981,-0.1313055223347226,-0.10454223836041501
-0.10784456832895216,-0.07867931361080023,0.09565013826070945,-0.13826319697459252
-0.14631750049457165,-0.1775581981893692,0.3008731209716806,-0.37778675282257446
0.06442574722712915,-0.034852375691276555,-0.3053203734350092,0.1777316221829843
-0.0260864949796738,-0.11253364249309243,-0.16614294787668024,0.09115626538788706
0.022509246614717884,0.2895776496169752,0.04243668491515359,0.02408042127589444
0.07234376980636709,0.07164694791443071,-0.1469654683655951,-0.09835788942961843
0.10091591020901464,-0.03842152323890116,-0.32279365707272906,0.4566928682190673
-0.01827151484435256,-0.023070357657494038,-0.1131580147012915,0.1187409959082775
-0.10645480967533882,-0.08355878758116109,0.12022075648838577,-0.023079867370273753
0.0391141216197287,-0.13553044333597594,-0.09224554818826448,0.06483844042503357
0.08164540640275564,0.3023952627133005,-0.3155969800065192,0.18235087631170172
-0.06002607888596089,-0.12140325338613098,0.2413309484097888,-0.27085689306447036
0.01586861598752657,-0.09553749110190818,-0.033098548424288,0.13698958619702778
-0.1857685505212333,-0.5471882506418226,0.25358143796050064,-0.30120353594723726
-0.00017362781999955476,0.01902529538606422,-0.037733702670343684,-0.033227289064989236
0.15399725780506832,0.15589190967412217,-0.1523963515446406,0.14245354097902319
-0.12179976710092924,-0.11234348658269899,0.020700312722711778,-0.045530072477841244
0.10201294085290631,0.15203388822055347,-0.2361283902051705,0.14827988314809232
0.05683897635681293,-0.021286934841869817,0.11436555560255346,-0.17874130530048438
0.10911030398279853,0.02983761262180029,-0.13765499250162538,0.010546683672712553
-0.07446655714993129,0.027362801284641275,0.14173122760042364,0.04006905675285134
-0.04236663607270706,0.1454428119187006,0.08790007944424545,-0.11520966662492961
0.1459091243214868,0.28238208090501904,-0.35416181266701835,0.2573372571143319
-0.1819678393685229,-0.29671132478214557,0.3719021381788399,-0.1722275299984728
0.03375508193771099,-0.013957990456210212,0.006072586076534756,-0.10217260844672862
-0.08647161613495936,-0.06769867059263698,0.10605554878969398,-0.0716442975545906
0.05557615139498528,0.11537789879576602,0.08438932909381211,-0.10326946271527977
0.011415790120331813,0.08468317798736229,0.007360571391646899,-0.0005440353248251468
0.037349182706043434,0.22063404299418,-0.3440629970131527,0.172131701462189
-0.0687635134511199,-0.0674455606538577,0.13100568954042394,-0.022998758498963365
0.028303996338426902,0.13261056258717038,0.0022163212362760407,-0.13981311130354135
-0.14879432831179382,-0.3211053198589291,0.292149006191843,-0.213935786705938
0.027265450199290095,0.009523024833673899,-0.10716677880036889,0.14171205079273702
0.035980504331066435,0.1172079362174121,-0.16027567481174523,0.1437209182592265
-0.21523208821425005,-0.3461292721253607,0.3257598302615893,-0.28569985236320283
0.20309290741133457,0.3329218758526072,-0.35206942252957113,0.35695106754730543
-0.09802614433374186,-0.15908831716217978,0.17244162161301557,-0.0018799906475468475
0.12618469037218144,0.44362944212493827,-0.2955275195787209,0.19474406381678322
-0.10080106831973577,-0.13372909394925347,0.18810720092233477,-0.10389918273744267
-0.12787855929905173,-0.40186492082784775,0.1846662228162396,-0.21844444333565388
0.09886082992879487,0.11293333415503023,-0.0442275370954503,-0.06062063219271603
0.05617184704732758,0.10808944205996657,-0.11549821824907387,0.17226454284016335
0.09661902563395318,0.3036054570191864,-0.1911382565828246,0.13645618790882702
0.1334501327778111,0.1861285617349993,-0.37806033707617026,0.1608342255019151
0.10780645870966649,0.15515548427874118,-0.1964698073148774,0.04960326850197712
-0.03162225013734859,0.04553884849321269,0.117495106585543,-0.08012812488201192
0.04654206556901788,0.049243298555245375,0.10627199173542504,-0.050979456897233114
0.001977067308273593,0.07745370335406415,0.0343988269549851,0.15019745240612598
0.006635624990488,-0.05385223362610725,-0.13260626912737042,0.09726080396781611
-0.022105192912952806,-0.04734521508676655,0.08407475573119991,-0.052413785251857914
0.10737276654042678,0.1973247149196918,-0.035655962983491246,0.09914133310682603
0.0063149489348307665,-0.07312428549188552,-0.08803397389453743,-0.030632604460492797
-0.03767363483777415,-0.023581158115118687,0.07779253855797418,0.005937231513428398
0.01263429194543182,0.08434955926724763,0.02243464772584488,-0.09526344651383675
0.31548863603382193,0.3764324273922122,-0.5548957761549059,0.3550682167034992
0.16244090267961525,0.08612159803038114,-0.2563595695691031,0.25604095977739444
0.0016959533687004155,-0.022474115446815567,0.008463231544778118,-0.14160218803123278
-0.018956953154845316,-0.061124698756482715,-0.17843100118545457,0.067457246570886
-0.09256957028731166,-0.25797974858624695,0.15157145177205925,-0.3217282252461501
-0.17709369759819382,-0.14666881627144396,0.3566518151395397,-0.1405852259924889
0.019882813893129934,-0.056882411717672256,0.05500483290546952,-0.11831326523473082
-0.025682793578313615,-0.11104123912665095,-0.02107661087772609,6.4529511245838e-05
0.11631039489154033,0.004556588950980323,-0.2713761639638925,-0.001073224454510191
-0.0943065545753664,-0.004615389554698951,0.21071834932306122,-0.2205420264654281
-0.08815201612624833,-0.057381424566675034,0.006862736500901412,0.002382773806607277
-0.11684468389128254,-0.3221371478248073,0.2058039172134892,-0.09916351601358692
0.06945137438313617,0.0479615979802833,0.00796527342620447,0.03416066700727927
-0.00042441022241598955,-0.015523130240969928,-0.16794008310593933,0.22494705578935015
0.07111997288055565,0.2127322169261213,-0.006572850280901071,0.07627490742237991
0.037196169839966035,-0.009346783600938678,-0.12864949387083946,0.08444256743578754
-0.055638144407621354,-0.11464315685476874,0.10186144822814422,0.07837113428799214
0.11136861014074809,-0.054380238003716524,-0.14530429615999627,0.18184927433101417
-0.046518800642869416,-0.2777573343735247,0.10125247098335942,-0.18387588872945151
-0.006976919451390476,0.010002556128411947,-0.17464730374128967,0.0732371612112156
0.006029076530487472,0.003672574553601952,0.0584197424513461,0.03981817788227229
0.18466478766678118,0.1685362849432297,-0.1786586640405202,0.20841672896780394
0.11979595716897583,0.19234332373779017,-0.16230861040084882,0.10174008608129732
-0.004589790636628379,0.03380255947509512,-0.1282605068024021,0.12073013817678899
0.057754372789890956,0.00878019862713647,-0.24456463496438158,0.13837512043073263
0.005530505421906238,0.06570500695460155,0.16095956132975522,-0.27713941438277523
-0.019001747874309183,3.703188627849838e-05,0.08040467620204858,-0.045752881515978304
0.04468876406883572,0.025991188211606127,0.027540047937660753,0.009121746659447798
0.021778586265676622,-0.026750840831375838,-0.02686167579898941,0.039435903635162854
0.06434398947198554,0.19269573123547673,-0.054631712270711216,0.04643372475026009
-0.016091114959552823,0.06498370342070403,0.2666462014058191,-0.2177490638938672
0.1646539311253136,0.20855529073112336,-0.2773056407629481,0.07825665432167586
0.12269678264464566,0.25760182024657796,-0.22323793766746167,0.19453386178288637
-0.035737567466796946,0.11006754002711591,0.1725475433398716,-0.16849773203850654
-0.034565204890775025,0.06917966407308027,0.08602642268850208,-0.22361503598912486
-0.10168810489778142,-0.030877769786754702,0.21543896017152064,-0.0787621225690612
0.03277810605070401,-0.03727028044529768,-0.08667138800729299,0.12266944044026157
0.07811978395948856,0.07895053796966905,-0.14478211793002668,0.231022454442622
-0.06885117374974489,-0.3395169231654514,0.23575391405904825,-0.2885051415548585
-0.04313530049336242,-0.015364844467156406,0.06217494681793623,-0.20366825207831474
0.013915881457961474,-0.13279847796346606,0.04561868180220861,0.01909226576922966
0.0110473515882575,-0.1168057240282551,0.0007256426686283214,0.016896914339722673
0.04897284924851003,0.010688906432986367,-0.21251442112638066,0.07787723571425213
-0.04775312804563352,0.03300795738809424,0.09171771037333559,-0.20577515847850994
0.2378905955959119,0.3620184252456094,-0.4977031338585446,0.301337618760033
-0.09530070770054286,-0.32403257719052253,0.07450217644378929,-0.1520380723123433
0.06021199196241798,0.01340800694973003,-0.03028602594260936,0.22759164986274133
0.015446273311531478,-0.002813486912391,-0.23309373581444195,0.2287348387662489
0.17082486367805882,0.2550676760588681,-0.2458895779144037,0.24721829035855197
-0.013291915829182405,-0.12245348192229126,0.08539529025032856,0.023157214485432995
0.060728244423978776,0.031047342548995577,-0.241481314363989,0.128644437827164
-0.2096469624158079,-0.08043228899226015,0.5484921103354033,-0.4734060037958713
0.09867215165769744,0.34065906230186027,-0.05964387279021563,0.13769809680332623
-4.6760975558487684e-05,-0.010729368743328464,0.09927533808310215,0.0916593809357948
0.0723679303538881,0.10234400090217781,-0.2305514438769349,0.14828448225074728
-0.10563166810595243,-0.26229314770919054,0.24112688514138583,-0.13507131685624202
0.023296136410469157,0.1207115428966666,-0.06115037625864644,0.05040870222736932
0.09758133271082575,0.22758676372072803,-0.18409776151434387,0.07279886605261028
0.0387820764104887,0.034671976779553235,-0.018020131428038877,0.03924796798892177
0.010909551914114399,-0.026662228455658056,-0.04765316469650874,-0.15552649624671416
0.07193882130889427,0.056095909367045775,-0.17639672591632963,0.16170398896875018
0.12852534257094597,0.11145148443780682,-0.25734844120958367,0.15551947462371107
-0.013715529006433773,-0.0790670003949965,-0.06381660049666266,-0.014838738229339385
-0.018482306367867848,0.08014336957496736,-0.012880834867812593,-0.14444312846396384
0.19825790847374614,0.4098311934430965,-0.349838444119479,0.11655380213212554
-0.02146431457333345,0.1706766043086808,0.032664275626293315,-0.05908336049486218
0.04480531140413573,-0.0744807172474764,0.03934741162579672,-0.05915763403462426
-0.11090952183357779,0.016522535781062053,0.14351321718201462,-0.1548697731287767
-0.056026707873878846,-0.22497345014063452,0.1483530142903059,-0.06402150992008013
0.033575231114510815,0.1580528367413119,-0.13259405922872292,0.21433120518697418
0.07667297825124031,0.08884647195862741,-0.003805597313971676,0.04137267433859598
0.07217454478060582,0.1640127974936466,-0.18992113987318565,0.1699403176778606
-0.10410238569740225,-0.1327181983410155,0.19347184421924438,-0.2269380643001403
0.10946539493044068,0.44197107068602526,-0.26031381056457137,0.225352009028319
0.01924558050349535,0.06318649904799306,-0.08371808671815759,0.12223266221730199
0.13871160380371858,0.0656433266857863,-0.18413175744139287,0.15731457633879134
-0.16619908319330878,-0.021593714117401325,0.20119543420350902,0.031213321336674454
0.055271192514127626,0.09750574946147315,-0.26338986522725394,0.20185712269436934
-0.040000868922133954,-0.05488555549586506,0.3134714612981274,-0.15237701933437414
0.02349152950842222,-0.16336925237844235,-0.09269447791039806,0.06501359530019696
0.029627677753684252,0.09331964355056183,0.014040849429553678,0.12597247847424473
-0.08101904398589371,-0.19081603320582813,0.11770351673631486,-0.14552440243694714
-0.21177298098081843,-0.22779804121888825,0.3886579038001855,-0.3585709642726064
-0.07173458681184874,-0.19220046309238298,0.10298496550825634,-0.06742440589127473
0.05709884823965142,0.03441325049713827,-0.19393854298215618,0.27899077605074984
0.19277529515311953,0.2518034189416206,-0.29533288873057867,0.24911025603654363
0.15795016206846466,0.3425643598748984,-0.2092522755216898,0.13937589302711287
0.03828122445774825,0.08109269038556097,-0.09496076663413175,0.1277066549326731
0.08623456131584431,0.18629973758159946,-0.24009933281729395,0.18105063013856
-0.05642234958649664,-0.31128736276563335,0.24044336598251015,-0.25174814334680046
0.1182300398841003,0.22270824629273392,-0.29102799351588216,0.09996049222734874
0.021562097472925156,0.11444741492383723,-0.10360928827820852,0.12311231598191699
0.002223204302715894,0.11271690310304139,0.027160178137717074,-0.04065036427316952
-0.05083986680262288,-0.03262463152145227,0.005710409496599317,-0.077541798242515
-0.04832667692816266,0.0007594065794875315,-0.013368426157440744,0.0008692583327264952
0.16622504437023242,0.27767696754113297,-0.21163208678894302,0.2274674633554033
-0.09574809271396212,-0.28796025241906975,0.17758467412400378,-0.19459544571589996
-0.061465205283029845,0.07059229918319548,0.2669583475842682,-0.21714723752978346
-0.24100110200930522,-0.30052988824258,0.32204199529430166,-0.23908174071087923
0.05680143640594129,-0.01931642615825581,-0.09184711742620598,0.11795170408315622
0.16605759640213513,0.22655319004330116,-0.18925345096467178,-0.05135591599774003
0.02310612603718533,-0.14857790657975536,0.03120373372920747,-0.10263533805567232
0.185395148884695,0.19812961065682938,-0.44709736941123485,0.12504526397747362
-0.07191586754859139,-0.1697791860667059,0.12660812891586704,-0.25967747075506503
-0.043145000182752045,-0.14263221639212725,-0.2065933375023689,0.2181383231265854
0.06589199813789043,0.10453274514686511,-0.06597789900824384,0.06025779885158282
-0.12228884830141376,-0.06034178047973113,0.4593384244091241,-0.2992568986492279
-0.051692943998779196,-0.2456965790514569,-0.07378962160606684,-0.032429016680736
0.16492128984066973,0.29278440152329893,-0.3206479933296486,0.20715683481371377
-0.08230131095005642,-0.058445213289217104,0.07603031861662198,-0.08435060645097697
-0.05106042227999659,-0.09886365929268406,-0.009135696845384428,-0.08802815292070429
-0.0314401513731441,-0.10064272013221957,0.04504234980919107,-0.22630440930439047
-0.05443044936600491,0.03340596889853677,0.14409536308344692,-0.04035138275989235
0.06181159115776357,0.13100745400086958,-0.05874404567949269,-0.03488028151117001
-0.1223660176083383,-0.35065120715812426,0.32036725916153014,-0.20214494179993261
-0.03544432847806375,-0.02169481453253604,0.14744229982630858,-0.018980632306065545
-0.0637379472770732,-0.049885566054674604,0.30955778687489516,-0.15953878863342436
0.04114399754896446,0.17582917013901378,0.07001628631636951,-0.016456592599449687
0.013062253788416842,0.039177745340469736,-0.08791647263779578,0.1227770803370775
-0.04765087024291289,-0.040485990121755376,0.19217528665824007,-0.025008504646938393
0.15557403008906434,0.10532966628051214,-0.32188151050231467,0.37367787847112344
-0.08973983743367105,-0.08490622173922321,0.24223187172676724,-0.25701956177879826
0.19447585672429035,0.22975571695547298,-0.4848200401569143,0.18114506749620526
-0.005255287892455851,-0.11750875357027876,-0.13646704217785827,0.2483549780494157
-0.018749319238721765,-0.1904674949020172,0.13514405820438366,-0.0528434742699945
0.16685077767222,0.09524052371247627,-0.2675240476889792,0.19662118503493162
-0.060308468690826005,-0.15255084296610133,0.20298917985962345,-0.09092749674707096
3.3517497016869736e-05,-0.0035068424191504253,0.07435754128093482,-0.0823594610058034
-0.03500597033102242,0.08193133189851702,-0.04972544268576152,-0.1291186698711203
-0.032054715835490064,-0.006526138839620763,0.12998890667164192,-0.09402126981740938
0.06854828469006496,0.04057233974715247,-0.22025085999240265,0.1404886322678259
-0.09630745780636685,-0.06604469253680559,0.005307947035760319,0.007429271562487786
-0.023496333444422847,0.035662634775544315,0.0620942821161476,0.03270173943268075
-0.02423243045343696,0.1369917845918027,0.09784253821037449,-0.0730782546501935
-0.12316347093174054,-0.23887198416256678,-0.06319868439896487,0.051681749152350825
-0.07599376409252787,-0.170049139132102,0.049581996482307614,-0.04927271033284181
-0.07817063670786549,-0.1291501978651707,0.11028124650646427,-0.11344854848331046
-0.03795550457433958,-0.2960427123635481,0.2570855559380316,-0.35731980588724455
0.01157244405662383,-0.011743984224171774,0.01827321211334102,-0.09064928885017885
-0.02484867250773895,-0.14235269125000932,0.10604559045393633,-0.1840685001175117
-0.03420268076167897,-0.09698531391750462,-0.054278225801905146,0.015131867189120643
0.06614572745434727,-0.009193159189796782,-0.09633143870462435,0.005848475976547085
0.15059148676938122,0.17388352127619305,-0.24932253774797894,-0.04041966059060664
0.04819269569261095,0.0377251770664468,-0.15540361085553406,0.15648481199886444
0.09061991923378233,0.2617007870343462,-0.07272973199272648,0.1753799692593181
-0.035633806609179815,-0.08875866100554661,0.12676840581792576,-0.06267845155786535
-0.0904344560894099,-0.05660874255056915,0.25938217834417565,-0.11730549648636704
0.14433228505878637,0.30016797931195904,-0.35768808963780946,0.30880981394807555
0.16606946368018927,0.15519672912952107,-0.1880883912556111,0.12392541555855341
-0.05085691453826389,-0.03728746088603297,0.126466290570471,0.055772039251037034
0.09441691783280738,0.15376164723655167,-0.2961258365152967,0.08785550307120359
0.019458078773336482,-0.056993154354471165,0.16743380452830536,-0.17155532692321585
0.06099657521176205,0.1280040505677402,-0.22459741454131937,0.0979970909800785
-0.04623712979246883,-0.053387590457107406,0.009243487716541349,-0.06052763221421943
0.08224683716352559,0.07557818646739774,-0.19440187063806763,0.1913135959274135
-0.06559098015730966,-0.32118724475889027,-0.0045879301279058565,0.11009891347787945
0.18418563285023146,0.3216478641255047,-0.28816310057884725,0.18524592745166565
-0.003557898269097106,-0.09820846133231828,-0.03498533310446723,-0.12626771967354147
0.021753861802230903,-0.052287346889237654,-0.08565759940198608,0.04712167410198781
-0.11232083885962654,-0.2226351572925046,0.19594798714579562,-0.3586107485511605
0.04876408883609548,-0.0022745975678584718,-0.11615928138084158,0.0004124315232705844
0.08135759922317261,-0.04065367798005538,-0.22149207873865373,0.007449485623777841
0.10489284029017594,-0.016870927772636185,-0.17307145414646763,0.16836340464161803
-0.08255632416478277,-0.23954246273940044,0.055248484896460504,-0.25065581719805724
-0.14729124600578422,-0.13264438435817982,0.18393921330232493,-0.10596393766634128
-0.12221542291712617,-0.14158016204811852,0.2257683439511993,-0.20547815329024255
-0.15027599165357874,-0.07543400610189119,0.370942024680908,-0.08240701460012947
0.02656128174162556,0.030323743727274637,-0.2893934784826906,0.2787914254196381
-0.11433056447868657,-0.3031914731226203,0.27247364662811246,-0.2464988272125277
0.09983984613424753,0.02270049287543982,-0.18066877925314836,0.11617726621768001
-0.10967720833012332,-0.062082131967900855,0.019513610187648495,-0.10229501228343606
-0.018086668410031915,-0.08491566365543003,0.08712726344164604,0.05394580276822791
-0.06274917630873338,-0.27434450413136185,0.07858950417969429,-0.03476890784488969
-0.01625776505059558,0.04677609930597289,0.24444972978245424,-0.21550241130377565
0.12351840000478201,0.1627131944927228,-0.07250388262227933,0.07181020339899041
0.03916733584682242,0.1118699123419371,-0.11787759992165443,0.07924360335131901
-0.030830647761218327,-0.1495299923488981,0.06882983122553467,-0.033267284012559184
-0.005354047010337173,0.02661139651935939,-0.13187771160235762,0.18797203394164472
-0.040524621051080366,0.009145770313040757,0.1030432782704569,-0.07788238466319777
0.029683197289210452,0.0950207586017148,-0.021914851700462697,0.01243872424665205
-0.08639688869251975,-0.16178666260510877,-0.003077878138761897,0.08738370778174327
0.013451784277421898,-0.1356925875519894,-0.12617408815280245,-0.003640669908556257
-0.028599514832856488,-0.027412480510352052,0.08606505209040718,-0.09977376127652487
-0.0030502607958974018,-0.10019735069355927,-0.02507803162604328,-0.05374865625390022
0.0498134023981647,0.15056157384586255,-0.19813400597892203,0.1656907373055607
-0.01673551268788788,0.048988314965278626,-0.058275320549663154,-0.029546431414921186
0.2036085837918057,0.5688307452219165,-0.3747243830233067,0.11861377378350726
0.058479089251342146,0.2658320200901727,-0.23845550275530836,0.046850992865309735
-0.013734617379273268,0.0026956220514862614,-0.1923424944806022,0.34921174439135544
-0.033953699021114433,-0.04377458544848101,0.0766118838776528,-0.06334845312949372
0.15225689099890524,0.15247008552869856,-0.3708804796522688,0.3038620531333338
-0.13843942024845937,-0.1929434525164231,0.18491810587142074,0.0023526729141929437
-0.03912593977548032,-0.09374195017448217,0.023406403969740662,0.13713922604403872
-0.2697585411784948,-0.5142881209235346,0.37970465548413096,-0.22204656908329287
-0.04741315150996458,-0.06258585416692708,0.08268044587518344,-0.07091575647026988
0.08779151429138816,0.03435175653572316,-0.24467820813504518,0.0016848379297189908
-0.05054846269844663,-0.13601977494845857,0.27957176638859565,-0.15411094962248492
0.05206271866434309,0.10804319229911646,-0.13974309173872682,0.0521172906197694
0.11705165714496087,0.1934630209240798,-0.1664345888211938,0.0028848082046878804
0.05669621177344855,-0.07701997905531352,-0.13482906761068625,-0.10959169599292179
-0.0868705015247028,-0.21436326128048327,0.17418938701299055,-0.26818047272702966
0.14545474330138636,0.20635630194159227,-0.3170452485465403,0.37833388826744574
-0.1650808613548486,-0.21845874440644988,0.32039223438386144,-0.2399266762930729
0.031784359789220555,0.012065405213503064,0.08497310660128463,-0.042936627096852156
0.11775265527548243,-0.035418169157272084,-0.16708178778244984,0.12185338067254516
0.001953551257793803,0.025745665754113342,0.008796362669226246,0.28577711153847074
0.05434502904600568,0.01784569235145119,-0.21382214220289958,0.15294382300759396
0.07543196315599834,0.0709995586280623,-0.12051401980550992,0.045271040094430455
0.002744548858385311,-0.07340847231449929,-0.15342422557798135,0.18672215095882191
-0.2658329138182281,-0.30106624824371475,0.4269713249422382,-0.4099951550751309
0.06573496573977616,0.21902430112769306,-0.19260131792811747,0.10358012833058577
0.033710492556432256,0.02161547713261905,-0.1886830878377789,0.12726927219334752
-0.054883726644980285,0.05916614989244166,0.13018551023019903,-0.10997086259577696
-0.06688591036945525,-0.15938419783773375,0.058968936766725835,-0.007335775779512811
-0.0061867151826634085,-0.07279738457232487,-0.09475094553741216,0.2054534588861277
0.06453803206298338,0.15484240115806014,-0.20202301195263472,0.22445264020060912
-0.08233172291931787,-0.2507073664796013,0.15809893275413375,-0.11618295471717006
0.16774432981285858,0.2857383952145591,-0.3748297071150291,0.1323574519393299
-0.05357591443894724,0.08859134628300049,0.025482472012937046,-0.06452639580632351
0.11233612198179861,0.06184380274423508,-0.022371035395727906,-0.16653659018135997
-0.08288386141726956,-0.12928586306386539,0.12723616274543373,-0.05031856521823775
0.039774943829360976,0.04017494375287248,-0.20502899298356164,0.1760712953354187
-0.058562054007996446,-0.056970844055011266,0.05272928179715447,-0.1510389058502987
0.09383461367115843,0.1487483968348537,-0.16538312260258778,0.11793890425553374
-0.10473590168399925,-0.40546601732336734,0.19454972741628201,-0.10661683181802178
-0.06533171912885471,-0.20899100818031974,-0.01255367556908367,-0.10839306687053223
0.008449617096276391,-0.14217098515600887,-0.15579032900235731,-0.01654284669449496
0.057069478127253284,0.011602543575211677,-0.1724503764393634,0.06319281810291259
0.1309158930056122,0.3148344978136004,-0.46583230737972103,0.35787007982153096
0.05206045941387121,0.212351353551511,-0.04912282997862105,0.1634326860451758
0.10243597692457328,0.20331661827240882,-0.25442461802353417,0.2700661663359004
-0.04197425121997932,0.1446439849110731,0.12026654691091881,-0.10902531088240168
-0.11971027049062961,-0.14958620015084828,0.06481865524750846,0.011188692856167845
0.03852910281325722,0.20521514367289467,0.09215442086235894,-0.021060321110273145
-0.035073800666302744,-0.002151802716066631,-0.00547448835736989,0.05347347549885452
0.06629794042169933,0.23314749110652566,-0.15110436646551262,0.08588519131996697
-0.10423655250804201,-0.13749402740542657,0.1127014344679316,-0.005276482441320757
-0.029503434751522246,-0.0005086971383871444,0.03265682391156005,0.13827994409012523
0.05076306406219111,-0.01178749318428092,-0.03477071911481857,-0.039042213818458564
-0.14559328924372014,-0.08542418352695003,0.25188720065956977,-0.14034885481417614
0.15412776671633188,0.13204539196237297,-0.11587384720927851,-0.011635658672382712
-0.08774894493669289,-0.24572367981564386,0.055166279541099636,-0.2520115840941799
-0.04776933051276519,0.0021208777276114643,0.10472840860201896,0.042206064655741685
0.00741329406434723,-0.2604098711236047,0.08378971869230759,-0.1511325093663165
0.07911307472684709,0.09811408293122482,-0.2622711456023501,0.05966175736426729
0.021191330739428638,0.07603560357427218,0.05140620516280413,-0.20554095291648214
0.1583535764923384,0.057165869646707584,-0.3907177261747565,0.19225490977378018
-0.07481491571450605,0.07339215801843146,0.30327949598642673,-0.11499902934112355
0.0053968984493291,0.08014510645102321,0.08418159876837737,-0.018615895292834056
0.18762523110803508,0.1740792143771424,-0.24855081025234327,0.1048220283474727
-0.1335899873563926,-0.12114023903171543,0.24608658641706346,-0.10878642741014913
0.247606269587974,0.3025410148718651,-0.5188949430318868,0.15847653924293253
0.019292094843071962,-0.09459122929492372,-0.20312330037806767,0.14893461122375665
-0.02787022490084566,-0.19423166416971388,0.09679156421110971,-0.19693099143566722
-0.11968555757357974,-0.19347329336137595,0.13401799313812557,-0.2718815421311058
0.025363625124626782,-0.09913169355011774,-0.028795060565719673,0.07809363120948776
0.04607259478096712,0.18275497614229064,-0.10605162583939025,-0.004102259963726443
0.12090825075483949,0.026413453053090813,-0.2816187813671499,0.11378921493033113
0.06301177894528107,0.013515011491272766,0.018074141957046028,-0.04243864374435811
0.10178902324168558,0.03756246562806485,-0.11122309689358735,-0.0062318169720134015
-0.0877503155039233,-0.0635531364370288,0.1460081833511861,-0.010225974123025824
-0.014822470531462344,-0.08624425703591294,0.12603522704779618,-0.29502328061794936
0.06889771546077633,0.05390448645369809,-0.14997068361827595,0.11560689013670349
-0.05089651557783398,0.021351379153402725,0.017923894097728404,-0.15144357427391913
-0.0735282058655014,-0.07201413285863884,0.1826103397746647,-0.15894844015408008
0.08953951881235557,0.06837086844235761,-0.09057766890453926,0.07962658190919641
-0.19724438137389735,-0.3966928867050654,0.36009494035826195,-0.2690433627530988
-0.2100682558816377,-0.31847258618931634,0.3391657153475897,-0.23199809175074657
-0.07140671890695537,-0.1624510891069788,0.07613897732656136,-0.13745322746830133
-0.07648902547254502,-0.10294703440868451,0.16882316567879893,-0.18860434131291298
0.0027343112201343002,-0.1551347554456087,-0.11456279654256708,0.05907178665412999
0.05153140473252238,0.05465006382190727,-0.1497981054516469,0.1221659560518751
0.11284146168496145,0.13109665820683838,-0.3303727044219584,0.31223011892483943
-0.010198267828996776,-0.10744072762385926,0.10766430263572689,-0.16905370973311096
0.03953330611845616,0.02430217660828925,-0.11159308819656671,0.017665379644803643
0.03354288208238393,0.06498459925880341,-0.03631346938002179,0.22585898882734645
0.15032563184938508,0.08840949465820236,-0.3396848760588608,0.3163578204617363
-0.09910785245295821,-0.17436526812205427,0.2419744861887704,-0.3979406194227082
0.13330042825062022,0.024074566856426755,-0.4440016632928518,0.13435202340930932
0.012340785463024084,0.010412607200277542,-0.1280499979197527,0.21085109045941874
0.0012663485948182368,-0.1042957112809161,0.0719477891451937,-0.10486840410979681
-0.007748362686495554,-0.13107133630596587,0.09736031470329651,-0.043374149945621415
0.17318538451843568,0.3894966390169564,-0.5068945100676794,0.4331932885336637
0.008408966379740394,-0.012124883220660231,0.008216645673400545,-0.15211241739556577
0.08521831043738468,0.2947521309459131,-0.21507170093673583,0.2522806482231456
0.09911515452723009,0.1206307684482489,-0.4044338386873728,0.19020379664509435
-0.0487639088722856,-0.16715854208865782,0.04939465271101879,-0.032291043842993965
-0.016751295648998868,0.0824180295016518,0.17402845614931828,-0.1508860867301369
0.0672609908897743,0.047512888085059095,-0.033731667233474164,0.2306390594549495
0.21352812399229842,0.2655279877003469,-0.26845183278252116,0.25196709625780744
-0.029290209599672212,0.09532959129613428,0.20055330975875382,-0.16590935047548835
-0.07010241764559837,-0.12535569899949064,0.30479013553021506,-0.10904982321865225
-0.08128387856166432,-0.031561801703414064,0.06912133918209193,0.07215819596149736
0.14710499774144722,0.030857716715894434,-0.34065150935898597,0.31032287828165084
0.024749222218770406,0.03991102703422294,-0.04007502953755074,0.18167865842963885
0.12593115428221296,0.34437381122112654,-0.35255033395133384,0.2852794956558974
-0.01722787235026467,0.019192646942364618,0.06782861337784074,-0.04386984648475176
-0.22538214034231505,-0.2173299453755877,0.2887453396091474,-0.26519032031620055
0.16556488277148826,0.22342692672888206,-0.22132964225104604,0.1693773229648112
-0.03568315384861799,-0.18681182473447772,0.018899971024536742,-0.19444917070045342
0.0351792858689822,0.10715292162361875,0.0018857904666392394,-0.05347363267256521
-0.057937225319806766,0.15438401595351392,0.10196518908100757,-0.010175637295737873
0.11217373758473884,0.21617043620848356,-0.060654643245764917,0.012481083121121665
-0.13130676258305396,-0.2319141284801636,0.21474644205941698,-0.09606090473076104
-0.14615682524098733,-0.13010470401170893,0.27942446843334917,-0.24309258827169497
0.17857486746583306,0.2246445324323045,-0.29315419083050687,0.2984902094302205
-0.03152593466636334,-0.05970286457037928,0.10629383334358058,0.0013035608540258314
0.042202262119628964,-0.04945347382983607,-0.06162183455458842,0.005479432038000415
-0.062025454927531365,-0.08211409219365678,0.09927933991613905,-0.04220826256035324
-0.11425092352326789,-0.24977185548147024,0.08878575264241481,-0.185188888451682
-0.028811070646605957,-0.05668185004004134,-0.040461427862054304,0.05375656908597509
0.0764155606264978,0.0936703611226678,-0.016719752101065077,0.07350215373121047
-0.15177780251178974,-0.06319066493895456,0.28474407371013566,-0.17444352742520008
0.008974292420339253,0.21251121217545446,0.14258933938557508,-0.0013532568779670157
0.03238680116164536,0.2269414494355213,-0.003909741187713527,-0.12369544341657254
0.14620736135575826,0.20389095597243484,-0.2506537041308315,0.09315652512756123
0.07848868153544003,0.027954242257937287,-0.0058408328647781005,0.11900633289967079
0.027256690946232977,0.02297516912361485,-0.05659949245686953,-0.03861812198084593
-0.1372535295095428,-0.28769899172200974,0.24047334715963034,-0.05631592212037345
0.00032662082125104933,-0.00023373172301207929,-0.09181259794099227,-0.16183437809885035
-0.011913845518667112,-0.07307759369654279,-0.017494945554186646,0.09608498720090086
-0.09335481173684737,-0.1715601164683973,0.18343093477445283,-0.13953573551177198
-0.03075020357979193,0.218456092621396,0.12795382797903015,-0.17173201133990335
-0.1075697383935574,-0.28500632938139336,0.18073402867284566,-0.17392667323687488
-0.10002393791356201,-0.09689770643783413,0.13329611858407886,-0.08924990605261487
-0.1913917656614981,-0.35376772209844887,0.42981972296003523,-0.24496528339432147
0.045895120157162225,0.2619563920408086,-0.12326940272841161,0.11753539951301234
0.04067730890624968,0.03443784410236963,0.029435917785373064,0.1352706404471159
0.014994003961638774,0.14080893132529468,-0.17732303514366454,0.08884572652166592
0.13365852465418382,0.3093394604859783,-0.19830684586070157,0.10809846761769973
0.006554078042039751,0.044206864997358285,0.060161974072920406,-0.09600495910582171
0.014267351750028735,-0.15904604524895039,0.006985439466314559,0.2016988847631166
-0.0027287316544989627,0.15000392831109693,0.07702287851850297,-0.12450428741688399
0.09827111546980616,0.06661007194493992,-0.12529938913570163,0.09934639371461604
-0.07220179340049951,-0.19041950014804931,-0.10794028642621989,0.175617310147091
-0.14032647083952662,-0.19090215231107927,0.16895913893990228,-0.06517729063699854
0.013036423974952444,0.07943383294290372,0.11410639743419379,-0.18844236093413536
0.1406804401133692,0.2919831278081341,-0.1477685509574409,0.34067209242198143
-0.14299095951319032,-0.10055416090441824,0.19360651973803422,-0.11190662851468951
0.17734208162290702,0.25776931782867823,-0.1527494577232521,0.16230169226267938
-0.014291598666993865,-0.14975640353429776,0.06779404136287379,-0.002413880651981809
-0.05115897485558192,-0.20082377759611242,0.023633992844458537,0.2026438353798737
0.11485064516373958,0.1935372657774397,-0.29451386036187155,0.40949072991857327
0.0379891458163134,-0.08815933841340126,0.094373347178522,-0.03298532779709833
0.07731947390151173,0.08838280546271887,-0.21342069210834863,0.14283010588700012
-0.08843253448895022,-0.21325733620558934,0.13342707426628314,-0.18926884013281153
-0.1477570575941573,-0.20822524587517635,0.23448636206283197,-0.339055161282635
0.06802047203234189,-0.08637352002831385,-0.15968981223157896,-0.07171992712387543
-0.05592308695209817,0.11408961140417807,0.08393833919212289,-0.01712132682089445
0.03717689269861045,0.06515196208757083,-0.17188727880259233,0.1244819355867452
-0.0053321252424261955,0.03863764951700379,-0.1147783390399536,0.0935308669269627
-0.016558744928680796,-0.1409356475424675,0.017497779001184505,0.019554932617385244
-0.05256998313881431,0.021064842390966135,0.018108542790585352,0.013393119834171895
-0.005877321291897258,0.004517668729602842,-0.08570873125011778,0.09546308881290166
0.028621740602741787,0.016823433466867998,-0.22310119292124025,0.19847750732611935
-0.060003726210259116,-0.13042375764400657,0.12580423514516978,-0.04528186370944015
-0.004930233020180867,0.1350434663615991,0.08224244947637789,-0.34441371535116266
-0.15077589456531953,-0.24038836996989088,0.29862638279136505,-0.00043198330357857584
0.18054529160233787,0.2720111501852205,-0.35076256145340534,0.1278971181393892
0.07069842063961027,0.1856979244403489,0.027667358420250227,-0.04417882382763284
0.0012301121893515945,-0.020929846498021563,-0.042387816603983546,-0.06616887261502213
-0.015008750530430931,-0.2126589398022954,0.02157703626144727,0.04856050482702379
-0.02630895099551935,-0.022101973487372435,0.2794286063164424,-0.2651065121698192
-0.0682158685872165,-0.13650151403854882,0.22609076703055686,-0.20827777591496013
0.08620691139634472,0.17506987472227103,-0.2583597490105821,0.12268233217946384
0.14028034419145663,0.2596301264182901,-0.19403922413533686,0.19288386703989507
-0.13095949501524753,-0.3173273929867854,0.13845687441605176,-0.009292360534270933
-0.13593276982978678,-0.13859784813866655,0.37632942875213193,-0.25109416254216294
-0.03419798249205732,-0.14472905611366813,0.04030576820768325,0.1637995872601697
-0.003374825108332314,0.05870291347546274,0.06919674411243795,-0.1126738430686439
-0.028687025647155612,0.016959506023466922,0.09735760092508888,0.12391180672538664
-0.12101209732479533,-0.18637822075316807,0.27720776232692473,-0.09973005142759901
0.11796003131590359,0.22242422629339537,-0.19778697804948056,0.1897279477364963
-0.05401821518832226,-0.18757172737788952,-0.09667826315902621,0.30833992610824257
0.04964126331404123,0.17726332240742632,0.011363710027571625,0.050741707213116265
0.11930635649255805,0.20335390531250425,-0.26626285014210294,0.04639386593594497
0.15849173117830653,0.03876535265349301,-0.15102083079175063,0.28644747994220277
0.006024939415941736,-0.08526157318107697,0.11906408726246268,0.06342957606999985
0.1406118470096371,0.1407012893614179,-0.40525768123150196,0.40521629262699144
-0.03712112537037939,-0.10287754618165844,0.17346020570770243,-0.032444409155774
-0.08845600278192961,-0.1368509490146617,0.1153458233417016,-0.14539244108316232
0.11768520157128066,0.07902993201831457,-0.12504259786146596,0.11535979958879204
-0.11810950132698593,-0.013525679054142675,0.1785923206374749,-0.13579898697987222
0.13360044353618614,0.07267948946177494,-0.25297037357214314,0.18829020850245826
0.019185790381788654,0.08643595880672983,-0.050792482771752356,0.07332117268066629
0.13411330173507166,0.1369581775024621,-0.34155846265527545,0.29434228852494826
-0.005774904494327943,-0.002754851015970691,-0.04005195712675653,0.07688328158549912
0.03966496777442386,0.07046557722343541,0.03436220446851629,-0.03702998251827503
-0.14397125605129654,-0.18344492678350818,0.2923388901708139,-0.056526847357368376
-0.02556063341391206,0.07853001855321794,-0.001601712177698597,0.0732954318882577
-0.03766178884938127,-0.038373195566248186,0.08006824712256486,-0.1496685447069943
-0.024613054109669328,-0.14773455979029093,0.011554528441300928,-0.023281514754095692
-0.021968694950265388,-0.06235682229124816,0.062390607086706976,-0.02247011765607273
-0.09343980007422048,-0.4596493115773792,0.10186044836241144,0.04262228548679582
0.0002166562983693614,0.03836941482080418,0.06003572592720327,0.14132413017638393
-0.07986760612861973,-0.20768514950587919,0.010944954143755514,-0.014940267040952082
0.05529540934301394,-0.053697489384217784,-0.05890304457287877,0.029059180258797314
0.10489364602784057,0.10329391736709911,-0.15708808644895383,0.13182299220373517
-0.03618764615372421,-0.0006161483312315252,-0.11275567635437904,0.21090829687285473
0.05170109630648004,-0.1390652453789836,-0.15587925033311406,0.02731190600267966
-0.05022887684214325,-0.23653398242904353,-0.12298649968360617,0.05796969631944361
-0.003009838473334665,0.03228813302144375,0.06584330089173966,0.04128750781578995
0.2047052904230376,0.24628197594082318,-0.2849829409375643,0.3102523941938602
0.033884969594455715,-0.0033234055418048733,-0.024344185343467432,-0.07164098751755726
0.024195134245810733,0.15743614549593143,-0.14841103966314945,0.025624347025450953
-0.017246349068716946,0.001097333878553066,0.15006188594654749,-0.21948002773726558
0.059693102014343226,0.07381013172814378,0.06682150435317478,0.029875424405379665
0.08252499977453098,0.07329644155322886,-0.36893281401871736,0.19270409511274877
0.05767063592195611,0.07529666777596497,0.04337432686419221,-0.10068793497958628
0.028537550378648597,0.2024728665408219,-0.14053954739456576,0.06443676664469009
0.08150855429598766,0.14030877355359622,-0.17138864692393524,0.1622956648451245
0.06649791064908311,0.09754045565841118,-0.14992245986689295,-0.07394477466951398
3.10240044342951e-05,0.013805828807252972,0.09879939651283288,0.02747781033579201
-0.04694091246494449,-0.22043812152182116,-0.020983429833349998,0.154658654319863
-0.14700117829513357,-0.35525622309569727,0.14986177804994621,-0.05597762217805782
0.05718328544607346,0.05545425130313589,-0.1715426242413005,-0.01621506644369894
-0.06935302898312869,-0.07888507412358375,0.2664240663004059,-0.1318024816027102
-0.012363840657614393,0.020399652248417367,-0.007407447366188147,-0.06787527671944393
0.06244247146265285,0.18275253159730054,-0.19102458564324032,0.14228126861676643
0.17336834267445492,0.22885144922250156,-0.38600302895517064,0.2044138351319774
-0.036562923350561966,-0.10855773753133525,0.14071579062233763,0.0330150948359097
0.1023348867504824,0.13723645190008732,-0.07619426945489291,-0.041907890927106055
-0.0797150205908182,-0.1490611360499211,0.285585373310387,-0.2075699993980838
0.03878736637040227,0.0946023138157028,-0.04011362065377491,-0.010395886500484081
-0.04747681098470489,0.07640494287889085,0.061808684393357155,-0.1881211376259857
-0.07354862639725566,-0.08320041753921881,0.07233928341832292,0.08592630649521295
-0.079178513283612,-0.2897498307493527,0.15126215879011187,0.011140201590636445
0.042791520137320294,0.2612242642947218,-0.003099546733589198,-0.14700410683773485
0.15983541410371127,0.4427094328545426,-0.3535877210054758,0.21338611220280096
-0.2509494514396958,-0.25176017936472267,0.4760197914977334,-0.3381841565134838
-0.009707591717282643,-0.008388542294095025,0.03836379970188423,0.06741036752934308
0.021603089427051473,-0.08615413337057456,-0.022402202211358708,-0.016216281726869917
0.18629847215138193,0.21973100201852408,-0.3817341022437343,0.2832793757599048
-0.026279219566803288,-0.09358759186812157,0.14892945035545332,-0.10383652325817477
0.016813225790036402,0.025270945472120016,0.11997566445057345,-0.11093714126888184
-0.2128240516312574,-0.3169193608766333,0.41986385866262566,-0.03146687152936728
-0.12989511721422684,-0.1567102048820867,0.18122553447677325,-0.13364443363965134
-0.07357909728146036,0.044268999854146854,0.1261171712297959,-0.1384882530180487
0.0003258280082648288,0.060715505359470026,0.12437260986827833,-0.10335363222355584
-0.1847230234285506,-0.39669755454850253,0.35526072672031134,-0.29368835565565166
-0.057500270657459024,-0.02672147665825511,0.07325413775316064,0.04785564787407127
0.05863432656566863,0.048700008463096606,0.0357000649834754,0.11548445713977726
-0.2104155036410525,-0.2264158941652808,0.3059237503828728,-0.2614675907709326
-0.12133076684692357,-0.17359531527972008,0.1770704933870459,-0.13205816597514797
