X1,X2,X3,X4,X5
0.9120794634977536,0.9841328150801025,0.2713575726825188,0.7886888031445509,-0.8380343128371313
-0.4124968254237802,-0.7693003797919873,-0.40491938967130103,0.12284240626308018,-0.8548680454688444
-0.5168383806781749,0.698909343067966,-1.210756429161857,-0.40017251884052407,0.10895397012981922
0.30427139228676503,-0.3695416810073071,-1.1748351842788272,-0.8534519570486321,-0.4364821480018426
-0.6393786670579142,0.03823322275905583,0.8951003034671525,0.7934155587746043,-0.7612391591068726
-0.09224428949477481,0.987500028180645,1.6318291243347083,0.6987610641439483,-0.7531260554367891
0.9134669831953608,-0.950389486689236,1.391362252952458,0.6645542475148929,-0.8378498726263417
-0.7672438246964619,-0.27331634440678276,0.07433773482186667,0.6283812326109117,-0.6118537328335927
-0.5713203877086839,-0.13027684641327864,1.5104510932963229,0.6547207527225782,-0.669032090335143
0.8903998552724937,-0.6653507277753641,-0.8195341444367612,0.04318841525684203,-0.8431152162648541
-0.8005100943148067,0.2536896553392518,-1.3604363305815608,-0.5397570271131447,-0.4012785559964802
0.9202294056099953,0.1314808908461551,0.9962510744520392,0.5665500149917329,-0.7930031992360016
-0.17524761751422058,0.23363606119588143,-0.7861269950748913,-0.8530230812285482,-0.16136813341727563
-0.028716142847583725,0.38116342761321387,-0.08047826926425494,0.40960945724320585,-0.2985403739563781
0.16881443777508576,0.884559647061568,0.3147071963617998,0.9872977074886142,0.695059568006138
-0.19549321621339733,0.5582647196392374,1.4987727555828552,0.5298073963319005,-0.9348295771053636
-0.9541453673801488,-0.547136624361088,0.9785964238860049,0.01632292714665029,0.026114317676109167
-0.6057422534787202,0.7814213161239831,-1.2380204837808049,-0.7637989220213968,0.5659214583754253
-0.269821777118717,-0.4516010200257088,0.737343137359473,0.07241808358186286,0.24345866279516692
-0.1123022272158154,0.3676206520216845,-0.486162043907556,-0.45928850408323507,0.7245446958791126
0.2907883517464811,0.6903736507507527,-0.8423027778307501,-0.7167053838496023,-0.02934353212741314
0.8581919069856079,-0.33590605499575266,-0.18286041906070988,-0.017898707645417122,0.16344278165963844
-0.3358313667508168,0.41685580108002873,-0.05022408003831776,0.02674021790341552,-0.5977541843014902
-0.6377144776465966,0.7941187872232072,1.0216277702170768,0.5614731028048094,0.22980993621684354
0.42815195754084145,-0.8015025049228168,1.3623105968508358,0.8132829475458039,0.27478317877462133
-0.6432311157000776,0.20044255378039066,0.40891807421001525,-0.14851617228721792,-0.16911004480612535
0.9403622787727648,0.8652586776773292,1.8762338436962949,0.9679990841907193,-0.35222082034090874
0.05345522836021277,0.9860689726303962,0.8258484619451365,0.10683857947584752,-0.6178143852395594
-0.4754975925830902,0.5712096427189082,-0.6282280499730135,-0.33924925300463027,-0.5891647552607313
-0.37080184465831123,0.3199733081742935,-1.394770660684257,-0.7093929281161244,0.6458760935045234
-0.9811612608101445,-0.31615329532319936,0.0036357543432989914,-0.5482738543832422,-0.7567798020938812
0.9122255258874468,-0.9404012064664387,-1.3533160038491938,-0.4232084812619068,-0.3086862891517588
-0.7078053317636961,0.01957904113072728,-1.8841855153869482,-0.7657733779995048,-0.14288872416930865
-0.999294996947482,0.1357928031252369,-0.32653940964005645,0.4082844745423957,0.6774818809245065
0.2362238309661735,0.6205669170534585,1.147291870056165,0.5480847278893761,-0.9803846096221034
-0.10798509648916488,0.29826450725511755,-0.008699494812807296,-0.4474436028901918,0.38134022502581333
0.10409228908723245,0.7596612025698712,0.13004449420524122,0.8384706885115134,0.4927510948723668
0.5520370497458167,0.12322311087425697,0.04775243556454423,0.5382059569545998,-0.26896358916802776
-0.2929640570266161,0.45631235954304317,-1.1230987611163028,-0.5841207630582235,0.46110696815018803
0.10136437332623793,0.00793208166566628,-0.7794309031637644,-0.3299469960885355,-0.11055034465520563
-0.4886045608116154,0.8155250918419716,-0.18897640527635207,-0.07576334069108559,0.8219581148460935
-0.994606831992656,-0.7891558614434862,0.2953981610030002,0.2425456089738276,0.5334086941301179
-0.784060239024764,0.31600198414138814,1.4107573765378567,0.5036049602923651,0.06507693792491742
0.39662041876835685,-0.7749551126399319,-1.4767908403156422,-0.4343785517472971,0.9782502843163003
0.20620392300447765,-0.16328379549988714,0.27762651228275104,0.29924964706000035,-0.8470537912716452
0.4243381973632401,-0.3746434497633142,1.1552965497346783,0.2225827676472658,-0.9119466269881296
0.02280031786679948,-0.8432822018261077,0.5570789061679412,0.6439635022362751,0.620396881518767
-0.34054038877540593,-0.9310271430742847,1.9773308334239283,0.9504313272820082,-0.6331200108089727
0.9393647408110248,0.8163722655121477,0.08012887646378686,-0.4183515003592615,-0.4680821467956968
0.7992488187416495,0.47687970997629736,1.3589535666965984,0.779873578447756,-0.010606171363622074
-0.2934167717741365,-0.20464809449599386,-1.178813270253003,-0.20952145578834713,-0.21979034083830662
0.6129041409496319,0.659029485993424,0.33070506203987815,0.3955562219500539,0.2725527642040313
0.4938034701853182,-0.08035679777704452,-0.5004573421927889,-0.7810032781445737,-0.7203176670325682
-0.3993740819064924,-0.647763781498857,-0.5900971208222336,-0.1392820295232009,0.18664402425073545
-0.13749107918813652,0.8198355756348921,1.2388377846910925,0.9493384606163728,0.0389918110998706
0.9781239178852221,0.46428789539881077,0.2119280820097699,-0.12264186823520395,0.9638753902289776
0.547226421899137,0.8781984620306391,1.3447661052005009,0.9275440790146772,0.6922182283068503
0.26886747604087713,0.912803993212344,-1.4201577252066888,-0.6500649855650391,-0.34631775915460095
-0.8379292846802002,0.4307824276413701,0.7550125444165312,-0.03185000768229651,-0.8581413335832129
0.732331545404852,0.7067007671465264,-1.5936810265388224,-0.8834657869950557,-0.9288367599062517
-0.09585394862809893,0.8412313550239543,0.2602426605652116,0.3186729194189224,0.14336829821933494
0.37190500919047964,-0.14853087971232304,0.04057189825759755,-0.7160916972028897,-0.6231262409258755
-0.4791822133929384,-0.4282499867709306,0.4664538370419864,-0.18348907401996994,-0.7356095376937135
0.9418030284603487,-0.9384617487123701,0.7746962607457129,0.7034183823761069,-0.28033508786879846
0.006898910420417792,0.8953952067577589,0.5396570249456649,0.259127982172094,-0.14337232929801935
0.5667279620157557,0.5108701314348199,-0.1673622582802149,-0.7154854783258706,0.9430805682894023
0.1922112452149889,-0.33316272555685167,1.469054411751193,0.5403739215511227,0.07038625336543602
0.9011933308210796,0.9748310118275381,0.718546118789509,0.9190680102856537,-0.41510742084066155
0.5421515409243791,0.44149628355322146,1.402961375231838,0.5409345481131107,-0.04763325526022211
0.7796850180887287,-0.5721183348788712,-0.18034638814248222,-0.17730537782683875,-0.47115506919589145
-0.1398209296270463,-0.7964774732519055,0.1169927140387821,-0.029205353192393035,0.9288470754973603
-0.030217147805967848,-0.9165390251272227,-0.4301376851872232,-0.7186719161182387,0.6536951822772781
0.7038818210503877,0.9293590909920499,0.019926585746852674,0.05184381967168217,0.7934697947769203
-0.5811133424949315,-0.8697676714127394,0.690506384908051,0.3874972785277506,-0.7282854485235957
-0.9204061497644012,-0.4962625512723826,0.3417843501170071,-0.3049444283727798,-0.3177394166488339
0.8384520450073996,0.3524365556878277,-0.2448633209806277,0.11616684327412963,0.6309898740159174
0.5916555048069112,0.5046223277799466,-0.824988994880624,-0.3356246844189481,-0.812948890611745
-0.17778152360051003,0.15621852006987424,-0.1988570287773127,-0.6055356078761167,0.5854344699672627
0.9343815141093585,-0.14630509980794648,-0.1657409685672519,-0.028006870398800787,-0.26614162647018325
-0.42954127629043914,-0.34961443461454267,-0.9446741303729329,-0.9079112073540803,-0.7761593203664889
-0.3800328027731892,0.7335256833566675,-0.25955452533189305,0.34084184112578275,-0.48659677866344997
0.11633835419452576,0.03449154070230942,0.44760103392810924,0.29671389467087894,-0.7045520811464898
-0.4228002078736921,0.13087479215738496,0.27051203585703276,0.49369232861828616,-0.35867273499375574
-0.7112879800692715,-0.986751932297032,-1.2600519904464926,-0.7862242451811223,-0.025456505977413002
0.9931720701687932,-0.2750575576811338,-0.7055007320824289,-0.31847697014775145,0.6705228492438375
0.15206061638891555,0.3160857713954879,-0.033556676139611885,0.6815943486269012,0.7645083496925846
-0.5612495783750209,0.3864349474416182,-0.6583409390254578,0.2015163529771875,0.08051207934781646
0.9714191070565716,0.5012603107615612,0.7081461094667707,0.06760082440598492,0.39367355152551076
0.9772339036926665,-0.15805288409170148,0.6914618611770873,0.014353399674174483,-0.35066768369684764
0.29523203651885055,0.28506397859986565,-1.4868076449942929,-0.9823186640126398,0.3569589443938015
-0.5384805811958393,-0.34309360113321374,0.4220410203083579,0.4214206915003751,-0.5154441323099836
-0.9610389993896977,-0.15407527285728695,0.8223627955497974,0.6910403066570181,-0.17129285132945804
-0.8636474443244833,0.9127446629253531,2.15462551072482,0.9230523490040858,-0.05699533027265913
0.6203214617427588,-0.08990767034576197,-1.0041831466392508,-0.634487897762815,0.679749144245906
-0.5674953069415702,-0.6249976810134896,-0.5941042764216331,-0.9134174783477922,0.5415908944358669
0.585796480378239,-0.4994485235293842,-0.31798863494805074,-0.10137844005741226,-0.5368287619783465
-0.05395075262145843,-0.29666473714623676,-0.09273117197474873,0.2798921469981257,0.8233109514659787
-0.6022242204836064,0.6561163347354002,0.055165664099609435,0.6880549592641569,-0.5206533919437577
-0.7463191085166758,-0.11955092608680018,0.5064229816786445,0.7894808989580013,-0.5712165585014644
-0.8280306168636395,0.32899051048300065,-1.0217233720193064,-0.8400408570530224,-0.23731993524262185
-0.45564604245684914,0.47937023942729406,1.2749287189878877,0.9823004657647345,0.08812052143237259
0.20996929127969266,-0.02325322543508679,0.34252551504132045,0.8963480135293367,-0.24564627209343892
0.4311011405612657,-0.38827905134802476,-0.04927919442645623,0.5957330439531743,-0.3742233399849999
-0.9266124708032872,0.592529877331426,-0.9384454109142932,-0.21368867485218512,0.4415678107892993
-0.10307192996364045,0.5031001874753118,0.2826004330681344,0.9235624102934514,-0.38377476207437256
0.8388484534457956,0.7985616023116873,0.3895104573852378,-0.20416700668782672,-0.9042853362209968
0.05342839472026362,-0.5331570237413348,0.9032456849545416,0.9221114774555939,0.38770210860913523
0.6239512669422411,-0.009575620645980276,0.24124527537489926,0.8822001013735825,-0.06557905931701113
0.011544256844238543,-0.43028825974862284,0.7449680438284239,0.9500020078625551,-0.00779506665148233
-0.38665770650230424,-0.5724358518499,0.08088259764872191,0.09092699120781655,0.7079247146847281
0.11958234432510673,-0.4163358621987967,0.03788219515747565,0.366391772746711,-0.7186434643744073
-0.9656541213548424,0.9034434256955877,-0.3755572169418403,-0.456663333696556,0.6075402819650888
-0.4005772093216511,-0.3380451978911445,0.4904793488765818,0.26772370646253396,-0.5068430656241634
0.4403765519587024,0.44034734854236857,-0.3505755764354186,-0.979887815106574,0.9346047158139807
-0.3847393668546071,-0.2793901423327625,0.9217919750169159,0.29600055678674697,0.8622570122724784
-0.10441311256687902,-0.07780994350531656,-0.18393405323101397,0.39148280379146727,-0.04695049159912057
0.04621454270510328,-0.11605326058654652,1.1953611513453408,0.949895929554567,0.5779090262818909
0.7845777977192447,-0.6412874950233514,-0.3558087152583609,-0.9000396260169672,0.533300979583315
-0.7987237514392516,-0.7172807926525753,-1.4655454942915211,-0.5713621657732728,-0.6213804455051593
-0.9423804649089085,-0.3832221772875779,0.24857798069991022,0.8840705020948347,-0.9979283831692436
-0.9656624241573339,-0.43019102861184777,1.7454913552462024,0.7727260868592611,0.12810139066867277
0.2827313635250832,0.7128117378781194,0.5760091729629213,0.1581198157169894,0.3118146086968936
0.7373057515553458,-0.823509667800111,0.9000926886820855,0.0442817083775231,0.5948891923977144
0.8797570665936016,0.2765152504866768,-0.17500196859986483,-0.4423255923608318,-0.0899918538183111
-0.6604514008113374,-0.9704947423343575,1.6199776057075863,0.7349327834970205,-0.8939255461236448
0.8237762127511083,0.9234807804997225,-0.10473017020834352,-0.5951779642216983,-0.49701716865045675
-0.4102109042649922,0.38621667980562346,-1.716034430028972,-0.7963240349677394,-0.5008675520130936
-0.3002383450248016,-0.22441912587180046,-1.8348632560482698,-0.8618321940892149,0.3634891056701921
-0.3029616482002391,0.6885334377236767,-1.3739204835656498,-0.7421416815401634,-0.6786786041419295
-0.6624496267696904,0.22883004868964973,0.704391719333871,0.7608900110029124,-0.4925017904690363
-0.5909036517290109,0.5248316252617498,-1.447486848795382,-0.7443859299678166,-0.6071715738639436
-0.25335147323932095,-0.3352337419334914,1.758554343406087,0.7011820356654677,0.6637608053959243
0.5970284650235425,-0.23623496177997638,1.0015947266002683,0.5633830231458719,-0.5502913993810847
-0.7613636686866982,0.16607117453829612,-0.19799704278799013,0.4208203664690642,-0.7800138685338631
-0.8963178972598043,0.8904718162973344,-0.28508754177447027,-0.7754761403237467,0.33988865983190064
0.887377927761166,-0.09323789566925389,0.8819438654728486,0.5914324258375121,-0.6825047805744742
-0.6677242079144314,-0.5038828235463995,2.1960622663053084,0.9730550411380512,-0.37859497744927273
-0.37978629575332135,-0.8721625265685025,-0.023247136637033095,0.11520236952229612,0.4122796117383978
-0.046557298858158624,0.5507206311314126,-1.1293697998471581,-0.8102837208322373,0.13190876297354803
0.9027894844417352,0.03363713826085246,2.1325779310245307,0.9047589978890935,-0.01454623915408737
0.4756341430770987,0.7628831543954067,1.2713283310147827,0.7066039144361438,0.22814436632721424
0.1932336117361788,0.8445076441666861,0.6636584372048759,-0.12038807678688435,0.2131924244168122
0.6821138176826695,0.5238871435571719,-0.45132303173445387,-0.3212165973352761,0.9415289753168683
0.9034662404147775,0.317949153429554,0.16950348294653006,0.6960550315009699,0.5482988867518586
-0.7805176573149164,-0.37045173557786204,0.365439350389293,0.4421339563012605,-0.07388533966759447
-0.6249439883505581,-0.2532768698079775,-0.8674021974758569,-0.6816741644377984,-0.1405827574816021
-0.20286841477872408,0.005916321789724233,-0.2617334124936853,-0.3742382021325381,-0.37904818150950237
0.9854818076141951,0.597978290782212,-0.5041360145436637,-0.7358898440719686,0.6287296527885542
-0.12045703622869852,-0.34296294240255687,-0.27524044404591463,0.44740488483121776,0.40850273977680396
0.04439252684872108,-0.6389437815337433,0.8989144148303417,0.40712828864237394,0.36699718211764876
-0.6723890262248153,-0.1632513667194817,-2.067599558708844,-0.8902518416342946,0.39507663043885377
-0.02215918690734764,0.22963791271986467,0.9251582574628304,0.7548496846181698,0.9357969930480996
-0.25469419657459746,-0.20692902404126157,0.5682067443249635,0.27063094656547193,0.6968703685124455
-0.7752965599215711,0.5651973373218175,-1.2521522256265416,-0.5666041210970574,-0.9126704601379194
-0.7544236071166086,0.001131465570339163,-0.6901614552197016,-0.43616035135907283,0.06459957815953965
-0.023730501029343376,-0.2850076489076392,-0.5715119593717201,-0.6581797884467813,0.01408193803813762
-0.23364508357272573,0.19442701211830093,-0.3314952606421419,-0.2781521294258762,0.9496773005306869
-0.5717695177177,0.47767604908165917,-0.2657586142890833,-0.9766987798367388,-0.4558861182960525
0.3288112679287589,-0.5265770835051244,-0.6407767104482687,-0.9569706262514344,-0.3324637581727956
0.8853147705450055,-0.3957694147913955,0.19152023361542764,-0.07952710233881488,0.3133676837299546
-0.5819788837829794,0.7887189970368353,-0.3744068953088312,-0.5365366726934007,0.3399772131614507
-0.7562340521094841,-0.21960611825637422,0.3124093304124882,-0.036198284283745163,0.8496352242885201
0.11024865312081378,-0.3446005848828504,0.7369340132118705,0.9469183024080412,0.42455278187113343
-0.8736956467127273,-0.02419419005171708,-1.6577222188924687,-0.8826442342975276,0.644559199911698
0.5006495896368843,-0.28101593022355087,-0.1678507423375882,-0.012018124160537713,0.538468955932327
0.8181791265009739,-0.009736162105441037,-0.3738357399686387,-0.9657464362371773,-0.8808349150808026
0.4519728152593492,0.5668455602760516,0.6934493516882595,-0.13165315781073494,0.015609255671148459
0.05511656361150852,0.6527133966315275,0.24499822183378095,0.25058209707948764,0.6908084865761319
0.4745903071384385,0.2981380583740352,0.2593594452556301,-0.08426416132242531,-0.06605024010700022
-0.5412739113906786,0.5518688131983218,-0.22455676317313134,-0.21850547019582134,0.6938039771827693
0.25040133038840917,0.7688835710226503,-1.3299167202659639,-0.3404509003931697,0.9049225021129566
0.9346844031108832,-0.11852432085105824,-0.019118457195377192,-0.5162520721225747,-0.04154895205620379
0.8544438995375634,-0.41415032245932726,-1.9200069409614169,-0.7629659075036572,0.26897410476064465
0.8585650586580289,0.6849974933578253,-0.3116222905723285,0.3222987140930278,-0.3288961251023932
-0.6988470869813559,-0.4445985959247645,-0.6555715483003663,0.004425086573969006,-0.5697703736156172
-0.07820536972098768,-0.16889589321446663,-0.007234908822033037,-0.1100700091650797,-0.6380832580447395
-0.3995301908164657,-0.5204668486139437,0.06843927354432618,0.05633115407372524,-0.49929337962395914
0.5573136250007336,-0.5458410044575543,0.8059516122075342,0.07321489491293875,0.15233263759282312
-0.8131156552748049,0.7140668045868681,-0.7502695830624712,-0.6310849837038683,0.22900931489676069
0.11764446973683618,0.31264161663568846,-0.33443756016212145,-0.9753678758370297,0.30616719346347954
0.2553028375488593,-0.20055493334584806,0.2777328468581626,-0.46306442511923174,-0.44233330114191216
0.7553698317230619,0.8859255470935525,-0.3167139809126478,-0.4825674363787802,0.7921717317280497
-0.9041695174285009,-0.1502229262623922,-0.08138434547314333,0.31166367469367695,-0.7079530593560461
0.6899986975172154,-0.6721396208062231,0.5524096592196712,0.13509721807266373,0.8546408086549429
-0.5413175393415635,-0.573973944639087,-1.0839078856054545,-0.33282944496413647,-0.47122658533842143
-0.9990345867290191,-0.03237458891148903,-0.09859647487974593,0.3620641414444714,-0.6030727734971255
-0.14295429579964325,0.04287134813888871,0.4964671617812802,-0.23572691938178392,0.7024170196996016
0.8039975909169115,0.8596930159356739,1.4236466344553684,0.8501975760031231,-0.5256806539132572
0.8222132877805721,0.912143683788927,-0.002114112116638228,0.18514626138433754,0.1691990295610788
0.05750136594252786,0.15562151079889075,0.7185034937962349,0.8976738149869556,0.027611318216443026
-0.7772316783481428,0.8553432082821917,-0.05307749379037863,0.386874722605381,-0.8117085932856807
-0.8426582919821062,-0.23034490895539483,0.6569443807186444,0.710097012195541,0.16079920717345142
0.9589434855834773,0.6421748538029579,1.2855699766788342,0.8550330173069101,-0.040683450846722424
-0.38985374652623195,0.12013363856287218,0.47843114723628277,-0.37934725604075115,0.5620964460064068
0.03281355635551475,0.12770642543760324,-0.20670685698282665,-0.5458498990607332,0.45041754433794057
0.1073327510604758,-0.7526353806284414,0.851689720638409,0.6056069712838343,0.6288674632616695
0.3319048380536105,0.9742654499475207,1.2642561001072805,0.3585412938987649,0.34405095948092934
0.9639522599360111,-0.9329693253836169,-1.388435639155159,-0.6765248180708774,-0.41425655310519005
-0.6908434763392146,0.720871257359549,-0.21049363493081893,-0.027149520014332795,-0.15477053081441805
0.41319123782396816,0.5872939450537134,0.41573940295868617,0.19499126135804445,0.4191621864498616
-0.7430441471840015,0.06055033683321831,0.03275082561110643,-0.42026731202798207,-0.8349844081400186
-0.05362424965689305,-0.3089561147508535,0.1505207347491183,-0.5096908567086242,-0.859673628361787
0.1203286712994911,-0.5138014434735718,-1.0616145371977945,-0.8982119803807067,0.8014893477113587
-0.4327338929938065,-0.18647354286161755,-0.6784988528185167,-0.09265650248322599,-0.11245436144822563
-0.30442010343324877,-0.766948384372415,-0.5904050300226988,-0.22232236321632004,-0.38413848752379587
0.5549267062408101,-0.30205711613186836,1.295301230680309,0.5576825393787046,0.06538975607612851
-0.8150276092036499,0.21124081172034126,0.37196439212441346,0.6813914835080948,0.8508215010054447
0.1953143182845889,0.33106262043452994,-1.862574897385371,-0.9475499081976182,-0.5471202863581415
0.17239260689227986,-0.10108318756169887,-1.4391847287154025,-0.7834256904864547,0.6190354406437479
-0.4413609766238753,-0.2813130562151622,-1.9672386795141232,-0.979166649949643,0.1822669944069497
0.5097361538141414,0.17020017733008652,-0.5246314289103629,-0.23469164833287826,-0.49950885766762787
0.019422761092932284,0.2595393506773769,-0.2640922293395269,-0.5472849467734808,0.7395481005921993
-0.7344554355980495,-0.10133759558956279,0.7729608555749551,0.2917871897361397,0.5484157854669165
-0.021429613084808397,0.27730544705407856,-1.500776001197002,-0.998764194141613,0.06283271537241397
-0.43349701394107365,0.6855458824759006,-1.543849846551331,-0.5232257565491951,-0.5423053692614663
-0.3514752977098097,0.08163684655255121,1.2117803843879418,0.3852772261411179,0.27426935369549077
-0.012893634946318233,-0.052392094641118714,0.05706757311987698,-0.6799587177811519,-0.875035647663625
0.26399339690999835,-0.5038544890238712,0.36589743281743303,0.22718617711481115,0.8053464832743855
0.30870656650397343,-0.01598881556753806,-1.9066796027899529,-0.9502812571748733,-0.4935668666911306
0.9267861424531638,-0.13567614259060545,-0.21893766459390862,-0.6452062992383849,0.8459725314863975
-0.21174247792594203,-0.6630595536225805,-1.4979707835338862,-0.8629445529172133,-0.4755299122869936
-0.2591294319555577,0.3247514162293612,-0.15663824326491455,-0.004579789840746917,-0.729700433742227
-0.8982458866101091,-0.7379304344818098,-0.49011683153350416,-0.14783216108585484,0.6990983564124469
0.8788895794523341,-0.5606289304204779,0.27037005800145153,-0.4401586587091042,0.42718176252905105
0.8206853214631451,-0.8851812523664742,-0.6264699194208075,-0.6145240897854987,-0.8204640404826109
-0.2754023527325806,-0.8073076669817045,-0.7748227976196381,-0.4931285150382618,0.8660128886957592
0.8678798588223493,-0.9432732108647466,-1.4504490609490372,-0.8644683718407367,-0.8671070976725828
0.25548072138142586,-0.3382018625461418,1.231227234131701,0.8695292941116661,-0.7459636038218773
-0.6608030465524759,-0.8868252784526705,-0.3176774437990638,0.24185849261721026,-0.06125511965002994
-0.43576573567219956,0.2250364951814674,1.1441825846354188,0.11392112669660781,0.1546795962152907
0.06190965222061884,-0.0601497914529705,0.4027068430423318,-0.1442539468048165,-0.6885023716206256
-0.8841511147003855,-0.6726715059162498,0.008605305630948412,-0.15272030849199636,0.8272128282893585
-0.7939194120211921,-0.1447429632787416,0.036081173388915366,-0.6640647557095822,-0.8251899618990268
-0.06771987747828123,0.8888564958528384,-0.5148655381998958,-0.6879824985570904,-0.5610066651668526
-0.46416403962380093,0.2700433805506721,-0.5049966132609593,-0.5334678970969433,0.762911166823165
0.6773782440665093,-0.29516294633563933,0.1135961935950609,-0.29906560187785436,-0.7566408436986811
0.44913356352382405,-0.24923589423301684,-1.011304158811355,-0.16353765280033983,-0.8871190927007058
-0.1363030416530766,0.9353697982517468,0.14047356913119785,-0.20445117371438903,0.08785163189836753
0.7406746248324139,0.5452790352121641,-0.2767204946791737,-0.8278095445591938,-0.7852785258293546
0.6973772731342589,-0.37435080963645584,-0.5103431547496974,-0.05020504224031952,0.11847214747210755
0.042530102233026446,-0.11289078686420351,-0.5123533996432045,0.21024302997801025,0.8323347228815126
-0.8881650398879233,0.1603196869157819,-0.1431439350726068,0.3241634204379418,-0.05911239968634563
0.9663017960640268,-0.042226716003491704,-0.1158756886009577,-0.29145549595974285,0.8878414489265225
0.5230131569491978,0.6025953806675561,-1.3931484989740015,-0.8047579298831193,-0.5710947596027314
0.4641993953629797,-0.014492047950194209,1.6623071346573006,0.9187798033529306,0.6897372510023645
-0.11687863020461786,-0.2980828742981487,0.4090345642189777,0.04328299947182246,-0.8767717593462425
0.7850464669396551,0.4965921131083859,-1.5315759793820343,-0.6854503319687355,-0.8466943521801094
-0.9503903657618396,0.8605432487792894,0.05241601589564837,0.4222817368156684,-0.5074906423427221
0.33764781599342686,-0.8508287680219242,-0.6789590110399408,-0.9149140361266039,-0.4895042629308799
-0.24739123648810257,0.3850240907993505,-0.27353313431773635,0.2663722817355876,-0.8744749579390787
0.043350896977345954,-0.20067507802425122,1.7243345124174738,0.791571497879352,-0.23260478548853425
-0.725164488799934,0.9862272540587298,-0.29105931867913526,-0.9335037018604029,-0.5898338108172783
0.09482433594669071,0.2377390156480299,1.7356352402171549,0.7963262343803088,-0.2609817259486691
-0.605580508832688,0.9233032389239377,0.7137298844666344,0.6376233166404219,0.0985849228957929
-0.42479936966507936,-0.9322779081556412,-1.7589775009333912,-0.699944290893993,-0.6512767178196961
0.6576564760934811,0.0775699650887971,0.18057109579409425,0.5041327150565029,-0.5479670339430303
-0.8163207054139565,-0.03150951644533606,0.801085857729239,0.1740810277117435,-0.5633257594332413
-0.7628073712302648,-0.8603226253532168,-1.7079859759550744,-0.6467937921039029,-0.7786040887225409
0.8844868672482631,-0.817608899748105,-0.24750837524578717,-0.7083647515653939,0.5951855722386825
0.4762601017555237,0.10597041749180636,1.3621266667155774,0.5689386217069357,-0.9314726845967949
0.5749523233272842,-0.35601069299247334,-0.9767570486014465,-0.9101714108954511,0.05326020979314294
-0.11835120347734485,0.7786794908120458,-0.15330090513386674,0.4619115606997424,-0.2261419934552078
0.22368298429630618,-0.6720566900281588,-1.1495837608423254,-0.7762504567614295,0.8310217502281156
-0.06292407507114284,0.831385855350115,1.1795705235402838,0.8400911809647182,0.9796472981526609
0.8041697018064597,0.6768218416534806,0.5515795729101499,0.49486295347540055,0.9391670543938113
-0.4725290063567884,-0.45899103491906357,0.6072402547138478,0.05648203694175313,0.6718569322388948
0.5880819344232182,-0.787896305252969,-1.670051457836693,-0.794760712586307,-0.6389676276802037
0.7226563367836145,-0.9703721873646625,-1.0880107629401508,-0.5884408482627506,0.7277292573013605
-0.05924412750528307,0.9884180514425558,-0.7130586212686933,0.040237521057141734,-0.6291500921428566
0.4719428917275226,-0.8750352305100164,-0.8098140319498077,-0.773523084226958,0.36813732311442626
0.05515691137480916,0.5977685315772308,0.9372526945953994,0.7376923389646035,0.33613127666092013
-0.3112283354099534,-0.6024261117487835,-0.6354398566496844,-0.20108896907118612,0.4501236276223295
-0.3542778176831489,0.037816173944635656,0.25364755861169663,0.3582846394231993,-0.8219531123398951
0.06100106852568232,0.6429968787002964,0.7076259758565624,0.24884427132915277,-0.8200293722598411
0.5331591683904879,0.2880559757829646,1.4551834518128541,0.9746669391632523,-0.12120503904650048
-0.7697886755852132,0.21328252001128556,-0.3558632494300947,-0.3219642651569805,-0.41859354299282203
-0.300179051367204,0.8058425467659698,0.21443677750407852,0.6341149986094274,-0.7285617726287548
0.4619516467280944,-0.9861891057592094,-0.8445599877568908,-0.5697216940457102,0.10614220343566627
-0.16415141964810753,0.5915720765828725,1.1420951331540414,0.3223868817387616,-0.4619403077153783
-0.9516196772432544,0.3823061237518228,-0.38669942342401464,-0.8419094004204735,0.9056037124330796
0.7109134256131309,0.9435237778099923,0.11696080861315972,0.5298539329630858,-0.8318865972390348
-0.06254508805406389,0.20587202372869484,-1.3848389701479116,-0.46184922448892785,-0.48945703503607074
0.5453287139621799,-0.3036947359763562,-0.182540700293503,0.21264036248181428,-0.21994189384778373
-0.6196154107316008,0.451339029037781,0.26212522038963726,0.10194932352864106,-0.7584073700193237
-0.09849174600687016,-0.8668460961740423,-0.2326882599218439,-0.38253922312966737,-0.8871637832315655
0.5785376260541837,0.884994114836481,-0.06699940865432003,0.22985858410483684,-0.28651154439901094
-0.7650544445490126,-0.020758252920375142,-0.43881445213897874,0.3105915637982346,0.8700282125787735
-0.378482356211973,0.15660996486194367,-0.25702100816329754,-0.8187845767484248,-0.27399265234402037
-0.7345689727470055,-0.4001757457384454,0.4909788403636286,-0.06962013715994697,0.2794447180712789
0.28415358741953556,0.16458869563806444,-0.856253133879286,-0.8012109801254041,0.6606002944902891
0.706457894599678,0.9356237543903558,-0.8485707299571322,-0.47690073397198085,0.5794023343600443
0.357637593694631,-0.7736564764086034,-1.3741710726978384,-0.43720168437169593,-0.891912395383951
-0.1521206566074622,-0.11489155059174094,1.2002811685610673,0.45577318233656183,-0.45969277444105816
0.023415316263633246,0.6013542520506809,0.6467175916245588,0.6058641818941668,-0.528293765896503
0.19102394072707862,-0.6034491996822688,0.4983731707003759,0.5703957925117624,-0.5912268337859881
-0.5321964528201923,-0.8524684434169398,0.010308423059573246,-0.49718934365564116,0.6708622559843953
-0.25124033401301027,-0.5878760818650275,-0.7266427222212503,-0.4674191037630002,-0.7686895785827401
-0.6411171107766183,0.3549803071608344,-1.0384403980180967,-0.20088440722812728,0.16666959079509103
0.6142171230204749,0.7149286379270834,-0.1792894497442914,-0.43140372205294497,-0.4257861485401271
-0.04784090175760647,-0.6394290803098619,-0.8473969981639841,-0.02333838867687521,-0.10365399859039592
-0.1675340411892685,-0.6676340785197754,-0.16776842062848352,0.549667636236036,0.6278106583351803
0.20636896574078678,-0.8900071702143988,-0.31202541383712173,-0.2937124109712552,-0.4400520378437567
-0.14095959339224673,0.6651572816134168,0.36710167152054024,0.0752826438420442,0.4129412660796066
-0.4181058490750238,-0.43923720157358925,-0.9307601545738788,-0.5787745618020288,-0.9880191347813927
-0.9731100555910801,-0.8172655030283162,0.18345428808693987,0.8759050203655896,0.5813960635794151
-0.6592197994148068,-0.5189989810298181,1.3438497143741515,0.48415602187300344,-0.9535895409928301
0.5334809812195564,-0.4791297957668941,1.1080810541208364,0.8792663445125299,0.6959259361772849
0.8724424670920607,-0.1366585177943438,0.7968501280752844,0.987867150230356,0.22978957724279114
-0.8490123985626978,-0.34758253645356296,0.20933881368482027,0.07483213421314994,-0.024597520921409766
-0.8657340648886971,0.10191675765929897,0.3939840757368931,0.12389689813123206,0.10719361237686287
-0.745376409968241,0.6472535565355981,0.9622659304086234,0.6113947690699248,0.4879716571658226
0.49875524017449924,-0.47066171509911703,-1.852987676782477,-0.8220094622940965,0.9535805166744555
0.8584912569383765,0.10186328148843127,0.29134564623242254,0.5819418618957659,0.12097758042179474
-0.1700268778985785,0.08940874268302768,1.5555652401619247,0.4593825653901711,-0.4078894838586957
-0.14829828961848168,0.38653811531293947,1.6528698313305514,0.9465634514415924,-0.8752757720851345
-0.025078370683301543,0.40814711723351893,-0.7486936314082235,-0.3179558887451377,0.6526958802789213
0.4975752867406671,-0.012302126531157365,-1.5217593841195536,-0.8817576190881224,-0.04299649464440858
-0.2904621892039996,-0.7765960677568227,-0.712629299171276,0.19541415565253772,-0.5138178241045113
-0.8556176580579191,0.2533624305182387,-0.4762244196277118,-0.040040782102185535,-0.4870812750657343
-0.7760981801388267,-0.4427528339118987,-0.6038186170909784,0.0386902083700984,0.5682275936196608
-0.19775244691949778,-0.10110955077663464,-0.4160856417302453,-0.036838433847918184,0.1744793877986921
-0.19160359170385277,-0.20020019217915652,1.1537459284368246,0.7004079775846626,0.44648666229703315
-0.23910849408181534,0.3861296336851754,1.7833477903830057,0.8325590168530002,-0.626578269250184
-0.6011537103896545,0.4787135813350849,-0.06461317363429281,-0.3022743504024783,-0.9740199873183155
0.25149956450689115,-0.2855017962934394,-0.14315338707318337,0.39996658444353606,-0.967264971431675
-0.4275224463832954,-0.8637703290470731,0.2000054856327934,0.4907900490579249,-0.3872688539452176
-0.2427865055021743,-0.10034898805020376,-0.7113360123307244,-0.2815709951894618,0.1524613843935243
-0.27737645685631906,0.5253774615627762,0.6777640363266356,0.4938172172029991,0.7282222939681666
-0.2157166818455083,0.5316454649792446,0.7238278365460756,0.6831400687685332,0.9100921395568511
0.5850491553186294,-0.7495114049956835,-0.760986564359805,-0.4256888930359457,-0.132198185110858
0.1245113152296613,-0.5784796196520103,-0.07575391927824035,0.17922030474315287,0.3748357484725604
-0.1329983488913049,-0.7545589927313501,1.3749459307512129,0.5557152348093288,-0.39682164882139537
-0.31538348355181234,0.049559734394219346,-0.8015550376739902,0.1488687831364941,-0.6965259308921103
0.8281316844571807,0.9640556340262882,-0.34936789870631046,-0.9762536532007877,-0.16546161232200896
-0.23065515810156878,0.4678579851431006,-1.7596704380136352,-0.7928241086420473,0.7264802464162892
0.6153108638510494,0.6377144208983014,-0.21515720846073616,0.16578931737933433,0.9479059065719979
-0.07081353864612772,-0.49234613347325507,-0.721368530876946,-0.6187166120620449,-0.4870973080454557
0.532781775942055,0.18367220203941703,0.12830251983770824,-0.4129928140717065,-0.5372158674793306
-0.4031316326923313,-0.961414568341642,-1.1402138467679994,-0.3326131200410145,-0.06510588875986989
0.737929557301175,-0.5878272676871841,-1.1107544724231004,-0.7907483529905572,-0.09988161034453347
0.9055477340024642,0.6713450206680684,-0.23042489053043425,0.39475051469452005,-0.8151188781972079
0.7273443209206436,-0.027845357899842327,0.7577353819107696,0.2140168808483569,-0.7435721326472249
0.2026506312065488,-0.6139778757438716,0.2526461733323474,0.41111725538425614,-0.1838137224255374
0.6148518669021565,-0.3736048327937136,0.5113607028524513,0.7720686306534839,-0.04447480304127027
-0.20546676157628396,-0.86907866585697,-0.7836071309834958,-0.9390681840789112,-0.8484390676445766
-0.6356306686514217,-0.911540266971065,-0.7330353488696204,-0.7296062108256749,-0.30987673251844705
-0.49757414296028823,0.9092679591870896,0.12025689533447406,-0.11453518704162646,0.8284506290449987
-0.7911533872322574,0.0008122146242628414,-0.1283732367070355,-0.5068464706620304,-0.05343991725134645
-0.07439221931520201,0.7518197836151912,0.3406817616930159,-0.45724832042851005,0.1606348924720531
0.05686109620694202,-0.1437154817679911,-0.8669765063898023,-0.8968901665116338,0.6912919943956595
0.3806368538296998,-0.7800542439043574,-1.155560591289211,-0.20474244018826004,0.04047420094794152
0.34100726305031426,0.344662700017603,1.767066137786085,0.6330388543416907,0.2156724698077761
0.08065032182967236,-0.15463443441230873,1.5122678706200414,0.6722603710437054,-0.45378339605896234
0.09742872653773249,0.27049389245400546,-0.6050994522583084,-0.37549121440091215,-0.648382426573777
-0.041928211100934254,-0.37313263881586645,-1.7278259178266924,-0.9285186551101434,-0.6017094270369994
0.09656026468738044,-0.6518540477967418,0.1719201680436706,0.42980145373076706,-0.4528414997027661
0.3913629636815559,0.49514427023548735,0.7284281041359283,0.5553487784277491,-0.949083714572968
0.19632920270622178,0.5748419436539292,-0.5898324174658958,-0.5222407005149203,0.6379556074050747
-0.2016867404351148,0.5533368412517661,0.05659968363658577,-0.1782812556512785,-0.22986761525317312
-0.7725870970820274,-0.1337574588259105,0.6421715825940578,0.02810948462815177,0.24085606479509125
0.7081250396856364,0.14860513305012946,0.6671890068988982,0.9572643185426637,0.48209068009522693
-0.8973427099625222,-0.9312458745723884,0.26044954892243805,0.05026665552445597,0.4483162907377616
-0.10481542499105068,0.9522590797198263,-1.2021506508453919,-0.4089375326883211,0.9671856383015092
-0.5863181170274088,0.7498541432365136,-1.060247958692461,-0.9897421365638388,-0.2300023081207918
0.979439618003084,-0.3104118415116315,-1.3091502205178989,-0.6536485299111034,-0.5938048712450792
-0.654032579797438,0.9248466773442705,1.7515925451106995,0.8389016640129994,0.39432938182833843
0.3381981890145018,-0.8609120828482799,0.0955211168852359,0.2942029316357222,-0.3477011544969062
0.07213500400533746,-0.3510521474788715,-0.8296453721288904,0.07101980478395253,0.15719079958145232
0.36207248917852697,-0.5085174555289755,-1.1172974820399246,-0.8668645117330069,0.8157748151222426
-0.709084520384409,0.17172025846969197,-0.19948247890562298,-0.7670767943528143,0.09063005088205012
-0.612231493345146,-0.4535776370445652,0.3069742947625007,0.9677519385226003,0.9059198868227489
0.151418367938551,0.27031117075169475,-0.3285035033408855,-0.5890275130334763,-0.713183473284613
0.06891049175720498,-0.23122183312853806,1.87919264809047,0.7713254277418427,0.3748579318337555
-0.07162045640239856,-0.6388482331696819,0.9083479944223105,0.2169290049491468,-0.43451843524811284
0.4928993099150323,-0.7583112582931644,0.35876366271551874,-0.09590280102035664,0.21475161458745906
-0.9396310256663858,0.9189909532813891,-0.1601586063263134,-0.4048101699761215,-0.3207020985637936
0.5269543377979595,0.42411778774156406,-0.8401735558978644,-0.5019759722748021,0.5818469175130987
0.08550757366283523,-0.996065519635321,-0.16808174983954513,-0.10607595744960063,0.595019251478047
0.8643543741381543,0.03941921730801057,1.4004274088639597,0.5240860192459367,0.8954373068757464
0.671048162920892,0.875924174571866,0.0945687370863561,-0.2313791926553368,0.32682182356498735
-0.11745023969857904,0.9486819414292234,-0.9466257762647388,-0.09381532177112595,-0.03649809741124965
0.2741787590747984,0.9457665236235286,0.036080182223803964,0.1330416277757045,-0.5846600268790934
0.7162771646646291,-0.9687246784485992,1.607548169001772,0.608678047207013,-0.9868465459065447
-0.10269825240733854,0.9075192737270814,1.0814083916851307,0.1895390506896213,0.4592522697531187
0.5641480626474586,0.23707679138032156,-0.6112824250803882,-0.14315898037389108,-0.7004943655750857
0.1488527363635519,0.6265526239227883,0.19949401693777252,-0.30871130916652256,0.8755220993563408
0.19815802760774948,-0.7142276764093587,1.4672075083536158,0.9955929591527342,0.10123146516562342
0.3038377963593377,-0.38951567446866187,1.0205691773274332,0.1389195242800252,0.2606655510563045
0.2976511051119106,-0.8844660703074292,0.8608081590205765,0.23135264891776952,-0.0991594897924657
0.06420480156198605,-0.8275688679156346,0.014479005478222229,-0.5620988935208315,-0.30121783523345513
0.2536983617168893,0.6984471631629838,1.313870700974519,0.7407843760071837,-0.4059291961685585
0.5571934619807675,-0.023631445901061587,0.9376730422305225,0.6878491000454698,0.46890327714454827
-0.6396942351965429,-0.23202249458402546,0.15066886567626803,-0.6325118774464109,-0.5846881522209364
0.0730447624912236,-0.8800663962123707,-0.07553027048901517,-0.6528410320047908,0.34416633451108924
0.5317120209647479,-0.6417925935088375,1.0308527234198588,0.799803329412059,0.8681928013849751
-0.6751459894157763,0.9093153472931252,1.5251532104485022,0.6956100448037716,-0.4059266175606786
0.7838565169866487,-0.1920927154533425,0.38728176469464426,0.10578229683352647,-0.5941116962980437
-0.23779913797546692,-0.18123816000654847,-0.38003723385192806,0.35879248017317344,0.48519805063140153
-0.656417813253865,-0.10308935634025973,-0.2470569558600444,0.5366971225983306,0.5844926949764813
-0.2573778630324053,-0.409946192673351,0.5956334124134318,0.5848647243483116,0.9306175266378274
-0.7292817620740042,-0.2213857048713863,1.3364532582732085,0.3021893214762381,0.13437562672202796
-0.5497115816790352,-0.6000590610267789,-1.9562434467271754,-0.7910702619802685,0.3670091377672027
0.7680631404774307,0.06467396832730388,-0.7208333217586025,-0.9524084364770733,0.7614178228307613
-0.8182586357270394,0.5908220169783165,0.9001150457921846,-0.05948853738769477,-0.9590722305913935
0.1608190104567775,-0.7296848752009006,-0.28763270334362817,-0.16269172700250945,-0.06515803207371396
0.719612194084956,0.15763444384256542,-0.9628238667189353,-0.5425771957800982,0.8671127847735174
0.11465778635961588,0.11150602726678005,-0.7653912257120383,-0.7903873047030079,0.895507993839749
-0.7312664436517193,0.33695134069544674,2.0114616345828242,0.8938811633511019,0.7299137645594229
-0.6772295761056633,-0.2315733465403107,0.93188659133479,0.754312147371383,-0.9438490491011502
-0.5135529363272593,-0.49035383616914463,-1.2295785608730436,-0.5473427658286978,0.8482215173596528
0.3971363918752653,0.5447881499633471,-1.3532179286312251,-0.5940336204341958,-0.4958777455282206
0.0002654909894950208,-0.6697483215524238,1.29295887005212,0.4516802151908714,0.9645330201775011
0.471823105659011,0.4865362192746998,-0.22524242202332634,-0.7062889547257987,-0.1925751048374149
-0.5114741744218341,0.7935027076370986,-0.6522903026333021,-0.18250517836975577,-0.6556240950850096
-0.9062491857437667,0.9307408410282523,-1.7003303641809815,-0.5548867601091012,-0.018302545846834217
0.08395239294723789,0.5386064716468495,0.27867450281607886,-0.42508213135749306,0.8044880725066039
-0.49812357466799195,0.6071411445198907,-1.0807966898179127,-0.9169014810662925,0.5805473777639283
-0.875769086145489,-0.8917589894617786,0.39814351851157537,0.18968358263974028,-0.13874088456219558
0.0923773418274374,-0.48261018451768156,0.28644746776138685,0.8468528758222189,0.2219361568728535
0.42368328004134037,0.4173724093661788,-1.1259468308726004,-0.2062878243108628,0.9601707491001847
-0.9644475178048171,0.3703896589186535,0.07436510827820295,-0.10152916909286969,-0.9338474023000969
0.42011106991250036,-0.4495694981850873,0.6807539868224926,0.9077206479721609,-0.3314367120286521
-0.7138970157237798,-0.562617712221928,-0.22707304671713635,-0.5808538807376895,-0.533512680091087
-0.8691888294514221,-0.6297909572795486,1.288133669570349,0.814103233952084,0.9434570606019983
-0.45672907023742737,-0.11470297330894619,0.07037704478406784,-0.028289958895439726,-0.0818644617793376
-0.12461357554845831,0.1774384184049118,0.22309808442554496,-0.18772538893479207,-0.7600100139740911
-0.2183139773150926,-0.14398229337254898,-0.11306011653052594,-0.5624817072144872,-0.46612124734513416
-0.19579700810387002,0.6833329526567995,-0.42015724469695537,-0.48253567154637134,0.10051316148570999
0.44817093297111255,0.8733649069299518,0.9979403655949991,0.4114079161745976,-0.9403735917410361
-0.9946587356203336,-0.07910610197028456,-1.090057605476906,-0.4963113847534333,0.704375987138181
0.8660063327648102,-0.6513345261247239,-0.7507694276488555,-0.9945617416275574,0.2682738371520341
-0.7974384219144832,-0.5146206042467272,-0.20958819440652937,0.036553605203641926,-0.661111642065457
-0.9779191891046022,-0.20381956893192732,0.310408421840801,0.7716535186259188,0.5045316194606337
0.1179126357367144,0.35541621897471254,-1.4684135242074474,-0.9153306299887485,0.4992569891459304
0.4441844262855146,0.23233749717390872,-0.5649115535558562,-0.37052505221713616,-0.552491651464263
0.4724171211598496,-0.45027840469824465,-1.0810822629986736,-0.6091557666715011,0.5609628742348276
-0.9452984910703346,-0.10097182726711007,0.15089306340862296,-0.21397980463407063,0.5852620174118754
0.29625969192604673,0.21701196936567424,-0.1277928367014527,-0.7778403187399638,0.9850082664232647
-0.23870411962755567,0.9357597748528714,-1.3161551046276787,-0.5189391831068346,-0.6866472237935224
-0.9072678030167967,0.5600044886728048,0.18060462024459845,0.06683036323244962,0.5525569974266007
-0.42883187929490596,-0.01007450727605863,0.47520302772571776,0.24692520861715717,0.075370206283083
0.06512640854248919,-0.9628724794273806,-0.6041945438166996,0.001993271729776147,0.9123520649741022
-0.6485819074894779,-0.41328984900155574,-0.7956865267509887,-0.07307711627871782,-0.6705822183549321
0.6619437765948679,0.7703465372469405,1.205171263067079,0.6339571130250341,-0.03420536534244234
0.542165996851159,0.8124045482142128,0.5014909722863573,0.48441788359512405,0.18040546048330208
-0.06342732929001627,0.09624639491491482,-1.1957577659662477,-0.508581101499896,-0.31202631962630045
-0.2033130763714237,-0.39742878049804364,0.5318061458730333,0.7715365439367428,0.8736557143153174
-0.4049796202180529,-0.40732426213970574,1.671137092206592,0.6071158698860006,0.3361842409382565
0.5407959860744576,0.6461091493762283,1.9629549989317887,0.8845983280742067,-0.7641022035701897
-0.627311769011826,0.05451249296206151,-0.5326874446143139,-0.8161856969239616,0.12249259396607903
0.7753822774013042,0.9191792915262169,-0.13690875397829244,0.35625657253716647,0.598911281213506
0.5028812189761338,-0.07735599364071932,1.8625420010101168,0.7740720312925804,0.9591436956354042
-0.8649186795092083,-0.5950020821609456,-0.49278534668678675,-0.7078930431636004,0.8554782791941942
-0.6577273838100082,0.718003365585073,-1.690127751876628,-0.5949988290052852,0.8143886860409049
0.3278693652583706,-0.22620420403461905,0.7587540717574038,0.22553330995063203,0.9446495860577186
0.40865751430549446,0.04819642293986304,0.3880895955062189,0.7934765104776837,0.15554824383422705
-0.1417670918099101,0.4932871726916561,-1.3109549711210668,-0.8077696265905001,0.9554896140660811
0.2850929742395487,0.5756719142711262,1.0566879212564009,0.6156557583311342,-0.8805097942935978
-0.3274449136335673,0.7607949356715893,0.40981072603734664,-0.01963424256536217,0.10787315155727084
0.7958982793244103,-0.3314096423319475,0.09885303117011512,0.6017423302785792,-0.19476253619324035
0.03547286193335353,-0.02547350512968838,-0.5468571578899843,0.17708184324424425,0.023151631492726477
0.8564505682621932,0.5991575106907745,0.17455318316937118,0.7973371832074267,-0.4151243921436336
-0.4295871981949817,-0.22707059419854847,0.668585828483149,-0.19230329446856143,-0.5970535201834304
0.5850344039288529,-0.21481457248620228,1.6320764248059483,0.7371074865184353,0.752346945414538
-0.30068143495306865,-0.5271752507357668,-0.4235047962048717,0.44367960845846977,-0.5439522965722237
0.40753657884427463,-0.3634744199431703,-0.057621550260259016,0.0736487762908804,0.10531897601271645
0.49225743366114516,-0.29084192993336266,-1.426519981278928,-0.7492910439368845,-0.29079092789113314
0.5576369881413716,0.7814270036884943,0.22080859559484434,0.5489074391865665,0.2064692870764031
0.6889787986499998,-0.15164966751913234,0.6800857667797323,0.25610337506187286,-0.43874694092480615
-0.38301254015849695,0.7951825239168817,-0.8331248078500376,-0.1285590370579901,-0.5115784882786962
-0.23264702212475696,-0.5732931023835739,0.7164411686718977,0.964318821831331,-0.16118539314579228
-0.2055821145977128,-0.5809418483111508,-1.2211350008335717,-0.46817724623633183,0.5355676074720519
-0.48480981458268224,0.7796145261500389,0.09681263873474905,0.08073284235605493,0.4285599397068791
0.5023436633483813,-0.5608654860319697,0.2698489331311963,-0.5070640498470134,0.1034219473827751
0.3499353751635714,0.4951779456415015,0.4950984935325722,0.4293930865184383,0.8493891505522093
-0.25689108714892206,-0.20042392560302758,-2.076646294102243,-0.9300913451719026,-0.8630253041681182
-0.7581710009135814,0.9803985890375,-1.1293350908102213,-0.5713336100267321,0.280892415109429
0.5821375570376326,0.4446496962087354,-0.08219612588150249,-0.42154206842021424,-0.7340794908345274
0.21867096070041603,0.5096209449839144,-1.5665272768633207,-0.46015406301751827,0.48671980314726526
0.8318966969587132,0.008559897325305599,-1.0909461865643912,-0.15002629932569822,-0.7531546662314383
-0.608791465844043,-0.1994181517391611,0.2119048098282238,0.3938955138790523,-0.8840719570646194
-0.21139510912071913,-0.9034132116347102,-0.1744473424598023,-0.4144154488655858,-0.6982058498396655
-0.8834213033821934,0.6298642965819707,1.0753880387868342,0.8024180068690085,0.5761943427652292
-0.3793050819029058,0.1424480415915701,-0.8581082266314265,-0.04009521110878311,0.9442416918502199
-0.4415389236869034,0.8670376590961895,-0.14097597714739754,-0.10386577916498707,-0.18284779395478234
0.504484194139651,0.1407707542014751,-1.0556072872005409,-0.5492905496229423,0.7470623817840287
-0.3687312412858743,0.22663759719970988,1.0040275863259263,0.6228056028141669,-0.8882535670496183
-0.3890386657133815,-0.7861669023744997,-0.1797051765972426,-0.7276522753681267,0.7570761496090817
-0.35806868878869835,0.9007773196151359,1.0948271350447674,0.4186165651138778,-0.36386878461348804
-0.22273199226963603,-0.8937778251258977,0.023826340937231794,0.32300859814479765,-0.27442151864538
-0.868363560076731,0.22416234269589674,0.12999449234169103,-0.6350786301127258,0.9827932150422909
-0.114326553144525,-0.3354767854530869,0.7217259416546467,0.9035229200900117,0.6014155474849161
0.18321281843117498,-0.35563007974705707,-0.18398250882797856,-0.3082623018461206,-0.9850314483716984
-0.40058326400632427,0.4023522246788154,-2.1075853901599677,-0.9560254886939543,-0.016415795545021927
0.0637029578415158,0.05845678487327266,0.7033843314353638,-0.2167800545245775,-0.13432645778527563
-0.37157103369501954,0.7854285355142168,-0.8696192109773627,-0.36161443935162785,-0.6035564278846026
-0.55664827466769,-0.7206654980302085,-0.6150200285252545,-0.13404056255151953,-0.8272288109972652
0.8083655915875192,0.49205313002638484,-0.4015520376520265,-0.8598972318970495,-0.48043598406666765
0.1381902999708997,-0.8184922007540072,1.363531573770427,0.35271469105774456,-0.17113706834942177
-0.9850413231444564,-0.9772563054038561,0.8552030880716408,0.6605058255949188,0.6601621996678355
0.042856161402184734,-0.775812980873352,-1.4192406633697352,-0.554433208787751,0.7528981924220532
-0.3163866587202202,0.4476993568210066,-1.3398963630813936,-0.3450606561818723,-0.9388751791038241
-0.421605727282528,-0.6655129713067627,2.0223391536550652,0.8600018339168061,-0.7654949651585625
0.9805782289518559,-0.9617917272106036,-0.5085912909112484,-0.8972800946001589,-0.25843632096069635
0.05336408145520766,-0.9085222555826864,1.4901409123957714,0.9912776706818114,0.18900067298833734
0.4303276590085203,-0.6311679967263668,0.537864493176905,-0.33034304306098217,-0.9711046694088064
-0.005848162752442043,0.7536688232396636,0.8637086482483394,0.2982370644412302,-0.33101192821816516
0.8687316655317048,-0.9323339696590669,1.021621050619317,0.8832012280688404,0.5694792791409702
0.1393045377341846,-0.5302996631687029,0.11784423119414889,0.00395708739425471,0.923088915154334
0.11408803474684093,-0.3571033436346036,-0.8848143708876319,-0.24806749251085614,0.22363538305173924
-0.26242075166028656,0.1594441847551702,1.1085525322177583,0.8913638109631561,-0.24157328546216483
-0.3433910743629145,0.7292968709194296,0.966874583387319,0.016445553679454106,0.9337307379392896
0.5475851442638393,0.3413680479187966,-1.2054787158944043,-0.9155939229137162,-0.5743017096099126
0.7456657764475345,0.7975589018727904,0.5715615733188905,0.4425264180236883,-0.8630754230355211
-0.9787944384732399,-0.15695846313279715,-1.5495968692960145,-0.5416150159635325,0.10824282933424034
0.2595082542971143,-0.3227626309317402,-0.6813452681816219,0.11488912383450889,0.16825264590103872
-0.21717115172548151,-0.7353321156798545,1.1062060729295833,0.858090090810411,-0.5723372551079808
0.7784884083905312,0.10350317969298573,-0.7319315595576799,-0.729639923935647,-0.5304606154324361
0.39030714241824294,0.7151769315148928,-0.22740752556314703,-0.2370931547109445,-0.9503717871443207
0.6420588672952394,0.17226724712475683,-0.16521052237955403,-0.33345774894001523,0.9074278206116471
-0.6345945918344782,-0.057002666214545084,1.3080863235579345,0.9388017496396288,-0.20504098525894277
-0.35683358628721495,0.1607500637516277,1.5046804349328267,0.7157285730991145,0.8332940933641124
0.38527415896769757,0.581925655598228,-0.15203633343173273,0.15429965387491773,0.28892537198634494
-0.6042643482775962,-0.5198310572283003,-1.829644841312384,-0.9007075214409208,0.9467014303765722
-0.5902958168001602,0.36156138193107257,0.16310861618686578,-0.5405644790234894,0.03765148429708276
-0.5638372394628879,0.7327448899789426,0.35203892828545813,0.18262097962877077,-0.651169221988767
0.3016780776849255,0.418187634577015,-0.3181752798588855,0.11269565505806378,0.616383161927262
-0.4112378746325396,-0.33152679475293323,1.6458527664889273,0.8373307646516235,-0.33125750930623954
-0.4874277693513689,0.19593438647761818,0.14230285050563196,0.5548670335698689,0.6892293058630872
-0.4067418474257263,0.3226632723472056,-0.4424431692083435,-0.4877221224272128,0.8812777463498043
0.18306086165586088,0.29054369293290305,0.8293413146503232,0.3485337540099629,0.3318074388657515
0.5094660006194638,0.31467015482144967,-0.840941582854037,-0.5821340008829075,-0.9279518809877163
-0.086620457890914,-0.13362978180637541,-1.2721848524130883,-0.7316812391836427,0.3796185301897035
-0.44838955806919967,0.07101718676368218,-0.7800843947904348,-0.6067409850836767,-0.5161684558295097
-0.3060625055456978,-0.4474878957254387,0.37652830070597076,-0.2755894957603431,0.29159092091991035
-0.7787578199288931,0.5600767449828998,-0.44706916125356577,-0.8608005405247978,0.9790849498537915
-0.5905472576717037,-0.8899802146601861,-0.2414533600476908,0.1569416498202303,0.432188764327462
0.5445081595553891,-0.8468824879957808,0.2564300070850938,0.9357575801667983,-0.16368190431200458
-0.16384073112513864,-0.31618595319646214,0.2738313490584925,0.2981812312571044,-0.5452140591068333
-0.8682302671945701,0.4367213259123841,1.6819931032215638,0.7172167235452218,0.2648767525973683
0.46686895783246807,-0.3605049680080943,-1.1260766032769787,-0.9105891965588784,-0.5261472999728496
-0.1586920826126874,-0.04308083425294584,0.5684999925888552,0.12732774284411685,-0.43041376051992364
0.7364363301599806,-0.7790701887056302,1.5343864266858587,0.8561562876767876,0.46692886414652746
-0.6566037119694543,0.653474983974835,-1.2233613857852617,-0.46278079784371284,-0.5081114323247731
-0.5998597818866713,-0.26978794293830477,1.2830907465273895,0.9592817777414699,-0.5897882895463786
-0.10498434304039517,0.6390203418741034,0.5822825076726486,-0.14377090914505408,-0.6839834155517406
-0.19600565149560345,-0.7153663948937452,-0.3915627617307734,0.2754656146682688,0.5649746624471481
0.946129845924877,0.5772785206446436,-1.1908664150675612,-0.42217783519012864,0.039638888951109896
0.2636835975947034,0.8315576575646106,-0.6793391030339069,-0.7293942332540537,-0.7487007378890285
0.1247610842139335,-0.48841437969810997,-0.43892130854047007,0.3822984042732269,-0.15868484119794402
0.8366884830633647,0.767834941590444,0.22757108291337302,-0.5534245907661914,0.326846391294245
-0.682675861970254,0.34246914285550645,-1.4208210326144162,-0.6698046694606117,-0.8418509949302642
-0.4186476817009559,-0.6614153535811669,0.9127301367594968,0.32188218999009033,-0.531137955974819
-0.7105274652779057,-0.054958587200871545,-0.8388915239491727,-0.34046402748986404,-0.3521570522053459
-0.8891274808081113,-0.8369186259181993,0.10040694446120724,0.4627799662138359,-0.09622440766588714
-0.1700997959401549,0.43967867812507677,0.5332204529643878,-0.2571430200526901,-0.33036601624790096
-0.9854154057491722,0.7261080115052014,0.5674934500913877,0.7067747926334524,-0.4664605678369147
0.5099886047878419,0.39864116270733496,-0.29127611574912954,0.2522139974531079,-0.7877464040575042
0.9775123450058432,-0.3746438497069735,0.0514898717793667,0.7703503043842421,-0.22842190287823727
0.7774616083810797,-0.6833564412199586,-0.5173822024578008,-0.706088449268844,0.6968081500390242
-0.21148084456323102,-0.4680811250550627,0.04600631328721683,0.12456152768504292,0.031046024894836544
0.29412843501080643,0.5126646745714802,0.8506446349181913,0.5818982831590882,-0.844087943356093
0.12508835505894234,-0.6319446172534491,-1.6921330142296767,-0.9285414801527887,-0.28076816904500235
0.9505380188769053,-0.9873087454882887,0.7146869063744774,-0.10064257697001522,-0.4329912355262653
-0.23762139366369883,0.68726958885666,0.3540664950800094,0.9074403654433585,-0.13708959799422593
-0.41920559562026893,0.5600445205694178,-0.469420289001956,0.05987230856522552,-0.3974598391428654
0.5390925498783976,-0.4866514501460344,-0.37867163887763877,-0.7399799188154996,-0.9052901824980419
-0.16453975278706467,0.916897936455999,-0.6062871535783747,-0.03680931484531369,0.7946796477230722
0.7628236415581573,-0.6923623490598108,1.6852843779910953,0.7126927900292106,0.6558627338267089
-0.0702709858704369,-0.22407985489848636,-1.2412639457399515,-0.9114808401123247,0.4440716592512963
0.2952080310359262,0.6120761591817119,0.2431976337140963,0.13727262379758343,0.9619740238630603
-0.8433322749026084,0.4258670578290862,0.2642949141771489,-0.22143004051517945,0.5211382018862118
-0.004570634579770028,0.5818228293656176,-0.8406673158553485,-0.7631923674569088,-0.4832085196393421
-0.9267420632097447,-0.7530279352309766,0.6768345478554925,0.6232326125562293,0.22757194512396173
-0.5210324943897195,-0.5569070812190469,-1.1368225978825786,-0.4794647420211584,-0.6129666552847186
0.2782156951208472,0.8273652563408753,0.7947435366366973,0.9931981131509284,0.7484349621149395
-0.1437130854570594,-0.5914876663679831,1.4074314391297595,0.7954082693722486,-0.6836820662821683
0.4039498267996888,0.0019422486126086103,0.1954151704010435,-0.5175360264316298,-0.09814645814675127
0.2669996239577772,-0.9059009022595534,-0.09165574250033226,0.6282643472519924,-0.8272235848171618
-0.35329363817156567,-0.16701619640693832,-0.604303516061671,0.26538970355593827,-0.7718984580576842
0.4067097742184649,0.006168848202217081,1.0713677708369074,0.8428947896078527,0.9939050952663342
-0.20796985136215618,0.8721688280146007,0.008738648206935928,0.20156684409605896,-0.606139946427739
0.02572387778198415,-0.3894076123479333,-1.0020736321431887,-0.8784022468694386,-0.1895820834119013
0.37741789920654734,0.2995688132602894,-1.0503763922421196,-0.9279533040011445,0.2529382453945832
-0.007336256090632265,-0.5596994282502237,-0.8632629390653517,-0.533797082571559,0.9035798094007732
0.8950164134889866,0.9680632416137962,0.09582005356784028,-0.09651898384486968,0.9236966178199504
-0.8405271303260955,0.30521309709053845,0.1176780686199661,0.8418919832051588,-0.6365622801868982
-0.6578468058966194,0.5616301701035409,-1.2662666859820075,-0.8576492264296449,0.2678034014740571
-0.17807336430402532,-0.3243320902580078,-0.16234835928158714,-0.2612208403249665,0.31176267638119404
-0.9608483435778983,-0.2436383091318004,0.4403454225853345,0.9024798275242996,-0.669259131117599
-0.5381768222019327,0.09374064652699676,-0.7246602342328938,-0.4142864962631321,-0.9886695641236927
0.5316216607480082,-0.9123389362468972,1.3796851550372424,0.7687476762460086,-0.6015164149758394
0.4952118223110753,-0.04814108941593842,-0.7846929361684871,-0.5336567348823791,0.7980754509666677
0.8274040506320515,0.7859104245515169,0.30728083911249904,-0.4356258521806897,-0.6915400896498805
0.043541119412522145,0.26870241634190606,0.05303542711983264,0.13105519895723372,0.5529369208322088
0.4144235625599839,-0.028680730688163125,0.6275131571607853,0.7133296598649994,-0.054677611456816155
-0.8581360539565048,-0.5476835420681196,0.2583303820405667,0.052195160167656685,0.11865865904554651
0.12955051257783845,0.6781485713065061,-0.6818447232130442,0.2154524244647913,-0.7273317078338726
-0.40635326749184,0.7767677086573053,0.1924990363713981,0.8278032261294153,-0.8343714572748822
-0.05927185159766735,0.34360797425810263,-0.38296585565261454,-0.5783131270676409,-0.3274055108766971
0.19154179254707482,-0.0775251654698772,0.8798757693624617,0.6769844954485602,-0.7502486026427824
0.3276279372830089,0.919822902351116,1.587886767112695,0.9172075301948648,0.9895509610439055
0.4451535774580264,-0.5021159411965317,-0.8656409998713144,-0.3198568455608304,-0.7964306623812634
-0.1243405679291203,-0.5720869851922301,-0.2625597667627652,-0.21511277888260838,-0.8222166586055126
-0.9829712517518885,0.5644230916401596,-0.5432617020958334,0.27520199438480697,-0.5310035411537699
0.17600966377867056,-0.3256993620931399,-0.09361880473918266,-0.278339810663893,0.8276208728104859
-0.013378265302042891,0.784857266143407,-0.6949727739177772,-0.5680194552142921,0.5371469413332353
-0.2116888846346916,-0.8929668777270898,-1.9570601168179265,-0.8200810790866269,0.6827864798005057
0.7714688410865229,0.47172955186570475,-0.369957946309285,0.05117755456062678,-0.7643256396887879
0.5368790650458259,-0.9413651848116873,-0.08805535955578925,-0.43882018190743644,0.12995481323566982
0.9052964985058332,0.9343991984629902,0.7428289415016051,0.42876072315894387,0.5618462536838675
0.8242006978252812,-0.6291338420318053,-0.7527233005999914,-0.36255600960769674,-0.5094681013754128
-0.34992199443657523,-0.5116667776931476,-0.29088086232549243,0.33065512667323094,0.0686259973167831
0.4816408507516676,-0.22403075078528545,-0.9163936042715259,-0.32690734153725254,0.756086129490668
0.43801727522350875,-0.49174346979105477,-0.13182610916874007,0.14377362808605088,-0.7387825035803957
0.06976028485011976,-0.8223810421532387,1.5399759019356332,0.9602927453995731,-0.5072569364646276
0.6723011997376966,0.1821482426676262,-1.101705922338352,-0.33748502679111025,0.008546830365322
-0.5344925809822467,-0.35312885020075857,-0.48054768429353295,-0.25162545874890796,-0.38499866114003645
0.9324537006764757,-0.9979055015920733,-0.4302096924161156,-0.1546749848893516,0.7212925905832872
-0.6448425719925219,0.7415859066505821,-0.5361580887740356,0.3539907229723749,-0.41793015578800263
0.8065081954188817,0.28791901437496836,1.8322325081792414,0.8691028229631652,-0.65612644726273
-0.8563344050147805,0.2405764513993749,-0.188524044044603,-0.9148095331502792,0.5015764886474847
-0.23470202969670817,0.1255877562511618,1.8259984244096574,0.7317668998078861,0.9081791108612072
-0.6342975941780618,0.31998864668556926,0.26345674850154266,0.2077302344802463,-0.7200153377539742
-0.46306513961607965,0.3087374767167761,0.41554395035371505,0.9138947882494726,0.6652707437306931
-0.03595743192107337,-0.7980710979949741,1.5892363754890682,0.864379318522738,0.3425141505053111
-0.5224131642407026,-0.4342546744121163,-0.8420968380179195,-0.9271489771020229,-0.6155767472594729
-0.7702593070770445,0.43510679464089064,1.088999464823749,0.6011803657206642,0.1629722078441289
0.10846652101722443,0.43107881872648957,0.7588291865636427,0.15280163146175108,-0.9840109940590056
0.9826567960697405,-0.2831050255833898,-1.0869221404728098,-0.6318674894128173,0.5470285013475227
0.6446999453495197,-0.5008981117011488,-0.5469496377177592,0.14222720190888904,0.9063747508094921
0.6522153730790274,0.1272256989154399,0.368516038226542,0.0652756573779274,0.8331630763001392
-0.8455747177573796,-0.6972201490582994,0.404734480571563,0.5625006990311825,0.3196396061050635
-0.025673837063582283,0.5783443015411309,-1.5481955559876786,-0.801275338495183,0.3610063532415524
0.2605664390933149,-0.30941150588738364,0.5504534993640964,0.2928458606078954,0.8614238796285993
0.23689476725032743,-0.3182231674897995,-0.4452148021584734,-0.8587831484163428,-0.5151227959565485
-0.8121749999228791,-0.19532130297241612,-1.166972904650319,-0.4453695908699151,0.04147662863928159
-0.4449189092984225,0.17040104665141587,0.17019770681358654,-0.1889704503642775,-0.21734770094099187
-0.5764220071640938,-0.37962401771882015,1.6649823591822037,0.7370197654960966,-0.25782489812547094
-0.15091529195837294,0.5779737258429007,0.3866998689385596,0.36948033929136503,-0.9424060282679316
-0.7823436676960553,-0.7619630813128384,0.9497562940627696,0.4167263958786016,0.984821035285316
0.6449382113651292,0.8503166387165617,-1.7258188245070472,-0.5849806255931247,-0.8429209689185659
-0.507732733308677,-0.2816746194388471,-0.1276748191989685,-0.8533213001592543,0.6121791209168874
-0.9256344984445541,0.38220130222423987,-0.5943335973041471,-0.6084806101800282,0.9162862580494344
0.6977557052163497,0.48300220683927053,0.6976000621056283,-0.15487134723467588,-0.7694239329199115
-0.19175354245068066,0.01654095765056751,0.9714818017935054,0.08704422804504519,-0.7438739301422503
-0.017077068811923946,0.43271625830673033,0.7390068229139202,0.05790440721671408,0.044128679179464836
0.34476356684259146,0.48258264203509826,-1.2681074565970578,-0.9605601486409059,-0.8126781921147677
-0.5700504206903598,-0.23804654699232164,-0.47574623454380804,0.13455647674339266,-0.8876779037327343
-0.2011915357039351,0.6180742890215571,1.5825432338112808,0.46814914378610584,0.06433979495643882
-0.12026534270724998,0.1153412481345415,0.010192962645980241,0.6550614991070793,0.23680016617291266
-0.06857336568077832,0.7494600011747019,0.7462096626213253,0.7844484561343676,-0.2892533961938679
0.5689949531619269,-0.9489393789347615,0.20775778692681834,-0.5729638965427528,-0.24821751641501044
0.3254358457692035,0.826067568900837,0.30719165195107656,0.7577124590165958,-0.879426101383115
0.3010271787342791,-0.7142421342115945,-0.21341083525086685,0.338281749572803,0.8031499606204604
0.127871278036213,0.026522756828148752,-0.4106570065697648,-0.5729838568154244,-0.13032273798598015
0.24342570361053872,0.14348145270431734,-0.720118884647869,0.140445095391327,-0.6474753399398414
-0.4747532193576711,0.6628136715088633,-0.18673687195410088,-0.15167037125084426,-0.36594630385555793
-0.2989489587745755,-0.714269318482861,0.630306519232112,0.9454379188130821,-0.07197327904686346
-0.6146703325124865,0.6201922908168453,-0.05677216788125172,0.5067716003305933,0.7276514196720576
0.6608378613100034,0.9926670026555042,0.1448859571264014,0.7971961469925608,0.1032289575622789
-0.22998640226208233,-0.8126209298526534,-0.16195467123697466,-0.2161198828880051,-0.6017400815176757
0.3750857145573694,-0.05947318416620173,0.5169058806072067,0.9749849883100998,-0.2938468811522581
0.21540167188310044,-0.4658588975012814,-0.4059514462126653,-0.5402944140883246,0.15879877910249274
-0.6257341675019923,0.12733074634590702,0.3879807939325626,0.5173168020402139,-0.0983365383454704
-0.1599388541713047,0.5152837721597194,0.5122460697225836,0.609380435861262,0.5003660336979454
0.5218038081680656,0.10554548219739046,-0.7213159484329685,-0.9808106281264297,0.03601973660013802
-0.5285491206107777,-0.3475917325527571,0.5408699992381721,0.7181627718420567,-0.6645466999729326
-0.6063838009730644,-0.568051890318165,0.060442884297454924,0.18372465358763623,0.8741986337381549
0.12010154122784211,0.8249583268095337,0.18069140191570698,0.4224377909799859,-0.39481985970876443
-0.3693774368691922,-0.6856619102596764,1.0880469693843977,0.9621836586107004,0.49510282231210545
-0.11339556945019136,-0.4982670338291646,0.47484145640445563,0.8045550694549006,-0.3973028398793841
-0.5547486204258987,-0.17323630598760675,-0.46824721595402247,0.054283668989099976,-0.611718675449707
-0.4854619779006415,0.30048235215257635,-0.7940701423560034,-0.7721821769591095,0.9256110953357253
-0.3705797657670411,-0.921053263200756,1.6259392041481142,0.5046122329005798,0.9351883308266047
0.1325321701861537,-0.364976940200173,0.3058270493636248,-0.1968208146422763,-0.03506139603673586
-0.19416400487416752,-0.3998989182166519,-1.912688932954421,-0.9953453282008071,0.9908842163272258
0.6625188375187998,-0.819473997198114,-1.1775819574392878,-0.4505773615898572,-0.5823406409656127
-0.08653878227575196,-0.4370894195465913,1.6106197865223102,0.5454338311964337,-0.32970784393473473
0.7832083600360484,-0.8077476208359478,-1.6248287767425975,-0.7815173363545418,-0.855006314606422
-0.14453972677577953,0.2879147734153853,0.3003643727232296,-0.2741281037644172,-0.5025860358735716
-0.9954515438085447,-0.8994868916165222,-0.7687379182929313,-0.8524043816179376,-0.8019707759327217
-0.8950130217371806,-0.9573571687104279,0.034359645827587076,-0.1420833321458268,0.5238225875707319
0.7867094568309172,-0.6075601557837986,-0.21790160174702972,0.3072711477397825,0.19569748370066686
0.10325717252918643,-0.37764612888435556,0.6644809218513905,0.8698609538178643,-0.03184401382245583
0.7537836366198392,-0.08823103831565815,-1.0843915512659366,-0.9089062366227825,0.8485737275719709
-0.9111040692293475,-0.5614684733165849,-0.180270558140731,-0.5785523466937779,0.6779238169380426
-0.347279929947544,-0.16310727734246777,-0.28100854407159126,-0.508397561797197,-0.532146695688615
0.3062759052015218,-0.528837481784006,1.2155668829248947,0.42866867112691454,-0.9971134448930214
0.5404447456057468,-0.6351988348376278,-0.2305474807317659,-0.7501760298594526,-0.8452581514516451
-0.5515249538304903,0.9568250063562929,1.0131300891178232,0.7568216218962105,-0.36496943663206904
0.7562027110858143,-0.9746754704120646,-0.5644380926530896,-0.32780337823738526,0.12286232381955764
-0.27302353046238004,-0.9524160414520606,1.123613912213798,0.711291440474842,0.20057259152355744
-0.9860258291153896,0.16071521702911995,-1.3775398395611802,-0.6870953098171633,0.239642098829133
-0.5480512196950704,0.5692862910499707,1.700656822702565,0.936592422580969,0.9095921773370201
0.44763426482870705,0.8289888065418445,1.5572132395422373,0.7968191357850412,-0.6178838072879893
-0.5189244818852949,-0.07943613886292433,0.02308042288707718,0.008053722265624286,-0.4507703507281182
0.8453717637540172,-0.16057859053004986,-0.5967638595834176,0.2592013083507292,-0.7983911974632585
0.6154060143040891,0.4332251693620899,-2.001209323416046,-0.9584460284866627,0.028132216168801794
-0.4814986257379672,-0.1328481064725915,-0.12344984054423924,-0.8681753972773549,0.656039454942793
-0.014404737402109458,-0.9363629558802808,0.3543374861304574,-0.2952945049517548,-0.812216287614276
0.28864752066190213,0.29532827967047304,1.5025965075999788,0.989060324282311,0.2530133863653441
-0.2600555061755523,0.1398751222184822,0.8664093841019549,0.5394322153499467,0.9259223171480071
-0.8115815241056408,-0.1999771895888356,-0.2638306258092137,-0.3858279188473088,-0.5548364787608846
-0.5425784763495285,-0.7394863757941073,-0.5792189599744346,-0.3632263628846315,0.44595091473616977
0.1952618849345491,-0.10340265630435486,0.648236899578365,0.3582851445817643,-0.601163497678141
0.12104307697745198,-0.5543880374473766,0.42875492836044565,0.2072726654334185,-0.13538583457640985
0.9283201655100239,-0.976834247199545,-0.4031697802937968,-0.5612003921549931,-0.6165265725940445
0.35535651414230407,-0.7306807634801278,-1.3802430317121277,-0.6188364951103216,-0.14531499213574817
0.7489186564924144,-0.061431063680959186,0.18041324681001292,-0.5803256800949348,0.19592974599918334
0.12344758295726255,0.7658442380000052,-0.5959932648791647,-0.4678704267408822,0.9655137034750814
0.3155306624396188,0.13675037321261674,0.5083353844307571,0.3601835164184648,-0.9885440372754863
0.15673737662497622,0.973538803696157,-1.1061724674518136,-0.2097338790701362,-0.5909710234142576
0.01948619059131329,0.9010798941542717,1.0534585388707376,0.6854582281382269,0.052027642778870176
-0.6327312888279804,0.620193729231405,-0.7803777222013112,-0.13974846733059731,0.7493377340159115
0.9486746073974661,0.6908531036271799,1.477646058315507,0.412214875608919,0.633980697781193
0.18959868947038583,0.17977478434406002,-0.6641366600424933,0.18424584244381292,0.7441343251954606
0.6516477904778428,-0.4763463314998988,-0.685475093795203,-0.4858513489378269,-0.3890810666233242
-0.3353632928616812,0.7054071438802489,-1.5115007877265885,-0.5095374224559517,-0.4349088460932271
0.8921385053297755,0.8468699058779423,-0.6322500706577379,-0.3642125711714552,0.435848330049593
0.36583869486067644,0.26749373182998837,-1.5924227876097432,-0.4663940126269761,0.6469121326405096
0.0718253133015907,-0.7563843558616918,-0.06278315249232469,0.2549213578923546,-0.9516880718166738
-0.13997037327151096,-0.4707782944435326,-0.6824036974177712,0.17844353390164702,-0.5856326284659261
-0.5748021294338823,-0.42924024963877283,0.5428873421209852,-0.32960831814924063,0.13469981223254268
-0.052574124908804976,-0.20283957415744536,0.5845913543481773,0.8593390004335109,0.8596460777125199
0.6727823089832627,-0.4743792181760704,0.2827418814295395,-0.5338669409431684,-0.46201545441066694
0.942606044219801,-0.5125224438859823,-1.068164063825154,-0.08634033736175506,-0.006300520551150601
0.7611521175537155,0.2350548557754104,-1.94616182832506,-0.8125185157269457,0.927151454208007
0.7160852613435713,-0.841148744044155,0.20589381208428104,0.8051490753062218,-0.7226081415097165
0.3325313471350386,0.03221609101466627,0.44919148347674887,0.05677565796323103,0.9434080672801202
0.7596566535507598,-0.7334584465753502,0.2937534991192323,-0.4787607503510025,0.2605612531702226
-0.44221955553553816,-0.7501092898981501,-0.2492494352397474,-0.849812740215355,-0.5289425853210856
0.3218263017542262,-0.4393561361575138,-0.9095372943503222,-0.3294427893781118,-0.48667748211200057
0.22209778971294258,-0.6577418474656924,-0.32910449430726607,0.3487728569051616,0.39055105337486506
-0.7435206810808739,-0.19816500378813884,0.7340687504340132,0.09485081954539254,0.40348314892416837
0.7164065224928748,-0.8395532287465213,-1.0687634425226662,-0.4627057209322125,0.3998910370786162
-0.007121930971955459,0.46469645250649183,-0.47176993741776996,-0.25050214437914864,-0.007466998505172517
-0.573702205678507,0.5484312949287653,-0.3234925914543711,0.2877395034836845,0.7801172005599843
0.3192663253937227,0.4209882321729925,0.43627551433975775,-0.41380993223234674,-0.5099998943802917
0.9594812721245811,0.9187969524776223,-0.016934170263232018,-0.09843318474382401,0.7914318918358827
-0.7576053331991084,0.5247730957457237,0.5613437951657204,-0.2754217919928612,-0.4508486911527192
-0.23805038497333753,-0.3132465064469452,-0.9602343595367954,-0.6889569676962541,-0.9104108955123111
0.9043281048265883,0.9373477647480044,0.25688997380677003,0.7794908498336934,-0.1969733098054316
0.7230482347724108,0.7658437708222081,-0.4795825471498292,0.12190297434075115,-0.05360232957655797
0.5675095604840596,0.5167093418099564,1.189701929123649,0.22671750413813307,-0.811133257063055
0.501258744731911,0.8685707679996235,-0.18637050646699316,-0.44293938980049563,-0.5467912532186086
-0.3090975098310238,-0.9948203411498726,-0.3713432589128036,0.3738953423802971,0.2875349576715549
-0.5605625447172851,-0.8090107769785706,-1.1185315315857658,-0.8290847267741503,0.8737595660673891
0.5915218043823114,-0.5648638550347409,1.141239659286812,0.7666379356354658,-0.12300922604594455
0.17367303242207566,-0.053758132067111886,0.25161992392379995,0.7379072694447635,0.923634958213605
0.6244156381604908,0.3912620915505409,-0.4584575488970002,-0.7156062446413876,0.4834928007453634
0.006465133073567442,-0.6626631963256706,-0.35700178224811574,-0.5808691219559143,0.7853570678005612
-0.8966558642168403,0.5221551540931555,0.40177479229075863,0.7722457501157116,0.43326235172002203
0.944355602237877,-0.862841281530107,-0.2456193825278007,0.5783803517320023,0.9601257784770965
-0.928670366156571,0.39561510041770775,0.31486544188772003,-0.1480572693715103,-0.7417587541279633
-0.8831174675417546,0.7603063429028554,-0.4575596176206129,-0.8513710004485164,-0.45865438688937576
0.8431227495183078,0.21739183637376036,-0.8837706195058017,-0.35177397492390106,-0.09838608915315916
0.3582302341027188,-0.012835150049295363,0.2657982945519111,-0.31118553482867517,-0.665700965536707
0.3915604386570779,0.6399193629240787,0.33256916204362685,-0.45756359895393706,0.2594591836353679
-0.10375304389735907,-0.08655044331350115,0.6126686983042394,0.4170949061090854,-0.3251122276638525
0.7773783341728258,-0.7220808605697058,-1.516191239654419,-0.8248245780113377,-0.945472313893162
0.09830425871530002,0.1537091543763296,-0.8127222207691452,0.005716529645767077,-0.12400257683264782
0.6924422258803322,0.04238886429674338,-1.1300241801126465,-0.7842680618700486,-0.3093116599234187
0.921825159814428,0.5733194819610188,0.6317773785644294,0.33266346204428277,0.9712494951098358
-0.8661255716313161,-0.08382823976948095,-1.6780360610014058,-0.5729633029219763,0.8572687615317507
-0.7255879747368945,-0.9848328354102398,0.22438627628476038,0.8690026341592298,0.35011424937093794
0.6665747917261173,0.59029131712293,-0.5491991291862437,0.2837955312110738,-0.6199058278557974
0.35658437062214055,0.6325400808090789,0.5199016324388741,-0.16092934981172724,0.13001475318248068
-0.7262994565473879,-0.7606608058583306,1.220368825978629,0.17519839124445724,-0.796028845863032
-0.9869575144515241,-0.46174726700511837,-0.2993234651060487,-0.6005052129213135,-0.6633868224523081
0.4366557536783491,0.5572472647945701,-1.5033659745380517,-0.7235216304034771,-0.8965887680443183
-0.030172662277904605,-0.8424549362170799,-0.325446048913526,-0.7782991366359244,0.08521193169522756
-0.7193852500122742,0.09841362419324251,2.0015460858797454,0.8155682894912075,0.9075348106407777
-0.43983899422328565,-0.88659220650915,-2.0051984197570034,-0.8680594609411514,-0.6717042559105775
-0.8801991009423249,0.2319208261403829,0.758346606270028,0.583879698817573,0.8287003920541129
-0.9289895980630378,0.9023968125877833,-0.05343198615126188,0.3128122813948826,0.19199572105040263
0.6861122507670467,-0.7385499399035147,-0.3711456765818702,0.16539454614517424,-0.5343912582976742
-0.2681188870777005,-0.3223751767598837,-0.41336007570249533,-0.2672135498974999,-0.3334648684835573
0.9337144408716829,-0.7847453963886728,0.05506558963390225,-0.0753299559247469,-0.9878207958516863
0.6959182848464549,0.7910226885611094,-1.75670156984366,-0.9953933430496356,-0.5440912035832648
0.8185207349668882,0.7943694788333211,-0.4079153660158248,-0.1839915290974765,-0.47526081538984943
-0.1050581214494215,0.6514951921654575,0.607919269063465,0.5759592842091905,0.014897741089466177
-0.057090575326764315,0.812840764177575,-1.2239126429893994,-0.394426777940611,-0.1002993846917497
-0.581798569667642,0.1995451426669037,-0.04269377428846555,0.6513192334771567,0.7303994137194332
0.5005372641674373,-0.587831501109576,-0.31968767400316755,-0.8842957695925133,-0.6084139767591121
-0.34199820087890576,0.6079339994585478,-2.0421674014589772,-0.9953365058314099,0.6868025773099771
-0.1440210725195874,0.7721393670646586,-0.21523451820537337,-0.31285948374491723,-0.8243276821812624
-0.26006505371181254,-0.968857561789088,0.38179412520308376,-0.22697899945920352,0.5666740725287875
0.8748805413631484,-0.3511099754723943,0.44410342814501896,-0.2308637488153067,-0.15716994570957588
-0.44264211960873645,0.1053433485071007,-0.11628174940872875,-0.06616261962656744,0.6666738138722383
-0.016306398356567886,0.7641655820643907,-0.03568917223576884,-0.28948782301556575,0.7840419660851738
-0.6192943213341437,0.6510505764988601,0.34178934211489614,0.33988079667493665,0.3145710140648623
0.8673317243721896,-0.07495641168363809,0.4713251764482341,0.2522105353983102,-0.9138202055602527
-0.5141785961123226,0.36921568731724075,0.2890389117852992,0.3343709381221307,-0.12343682613897822
-0.6969886344678016,0.3950082465391218,0.4862694197525048,0.9137541786585446,-0.886631648318783
-0.5908857201387498,-0.4992869680463319,-1.0157454682287113,-0.5042650449597879,-0.9473476294696506
0.2733056606170057,0.33234376782085473,0.650628638660502,0.07728394140117101,-0.8439676752020671
0.09354457499870117,0.0858354519726292,0.21984648631300474,-0.5326969460888615,-0.5638935310059252
-0.7331082841581233,-0.9603474499092184,0.2663147404077951,-0.04706360060307202,0.3803487990053953
-0.8649993476378492,-0.4091499470348303,1.4587818352277837,0.670070899437158,-0.28306101117081495
-0.8133866390442612,-0.29191056405007876,-0.035545714220759195,0.1551412585310079,-0.35929695189129696
0.6340101236064999,0.5833891756292728,0.5302549622481973,0.01679739378848888,0.6840141322839346
-0.391777071590087,0.9802733996494246,0.9713180712310429,0.6546200144247627,0.5205388977349723
0.9644882439606346,0.015614922618929272,0.978311616600686,0.41621634975317856,0.5717823540794784
-0.3273010588006553,0.06863588523007036,-0.05532951110185169,-0.7251792158781185,0.329469310012664
-0.669868689813859,-0.3012302222566563,1.9810897755524217,0.802671285998213,0.25821434714216696
0.42869753184708626,-0.81819297306208,-1.4430563079135854,-0.5155368043485962,0.4084953506819784
-0.6500565709633135,0.1574640376643761,0.7917465448289466,0.7425643180893926,-0.4484683273697869
-0.3791900896541256,0.6635270909730155,-0.645651352383278,-0.755532476291076,-0.8389680459990396
0.10358439915870754,0.5165830992365603,-0.2628084603685501,-0.534417634860133,-0.5485757942217699
-0.48454829125197696,0.6697758887212364,1.1735373704188312,0.5592505213553733,0.16992279091090623
-0.760017119149937,0.714806307077301,1.1921032967331662,0.8555024556951827,0.12772335090443354
-0.4866962404760451,0.08049999506561378,0.5363962339700087,0.057075932206320346,-0.9534805626747409
-0.019275656941001085,0.6534358128086739,1.5457656280598893,0.9069827664129899,-0.14076906563887426
-0.5964580176416019,-0.9631547471062587,-0.4295376402031419,-0.9026795313643929,0.3194886769416132
0.7665646356062499,0.18429483366323884,0.6077079673879743,-0.2771423797309436,0.50324972338832
-0.06733939376775533,0.26153162576911315,-1.117822793852187,-0.8560957055413057,-0.4109053261168365
0.29654920067853463,-0.6911133716901829,0.4859034770871278,0.11071978185839937,0.857855588879767
-0.20102880272849055,-0.6551968386695866,-1.686406804633148,-0.5868251987193094,-0.6281578270586221
0.6870834589583115,0.5492600108746717,-0.5140871674175737,-0.6049495227655337,-0.14064281691606983
-0.2446503906377222,-0.9612459522038133,-1.2847848885392328,-0.7561661258783983,0.837074785748269
-0.43655623486638984,-0.8250034114080744,-0.3476280058031227,-0.8577202391713616,0.4757295812272535
0.718584916725397,0.8467194356949137,0.12507761992217126,-0.5915433942075365,0.29128464525805997
-0.6631514787648722,0.31758885349710586,-1.6300435021634754,-0.5490786661083009,0.4718682880948202
-0.12125416683999557,-0.0284877916369497,-1.0909421713054142,-0.2931229117082297,0.3125579435692796
-0.22029130801772956,-0.3210508779042571,-0.16350738892475367,0.01453444053543329,-0.102872626010867
-0.39652028151059415,0.49703132845686304,-0.7026884815799126,-0.3049198008904226,-0.3736210008158263
-0.6404722292062714,0.3103834900543654,-0.6841996525517495,-0.9336327510597893,-0.5101954531104871
0.3050774616377121,-0.11290066915914765,1.71594069617574,0.6910198824424729,-0.16152045398815584
0.6961697079956903,0.8252852629793659,-0.7405815064821241,-0.775537345527495,-0.8781039648911495
-0.4088052714005588,0.2535744507106097,0.3429155062318737,-0.09956427591450367,0.7228512723468052
-0.23439575140048108,0.8847690890337241,0.5590953167893742,-0.28594198294440276,0.4920662788372936
0.6005075825644233,-0.3414515137142464,0.42272175350172203,0.6583878060872272,-0.3630098340390362
-0.13944120802907478,-0.385131640978267,-0.44318727385644197,-0.9933399080038436,0.7548875848451471
-0.9092714162916598,0.7212403868562158,1.0703052860948274,0.16849261800245885,0.8609357705195813
-0.6841170527169638,-0.17882205861607692,0.020967628422513207,0.47960774161179254,0.18767544205493758
-0.23551332687025806,0.2716272084772373,0.44359963380758227,-0.3577024734990073,-0.21778726718305874
-0.6342900680148833,0.7985282432454048,0.556443183602809,0.945278697267705,0.5837715229727067
-0.42153719817999646,-0.21896044332774056,-1.0277772243291605,-0.7493962640929384,0.8301402667729356
0.42005756701485275,-0.4477322822930727,-0.19179951597356093,-0.6524195491727047,0.029834346429566283
0.5527647494317751,-0.681864926927988,0.23612402712454872,-0.5309326332073738,0.4826793340064879
0.8978446524824699,0.6039075898278252,0.5692449391673421,0.603052991099458,-0.06352495536120428
0.8176544404813144,-0.3472409634727076,1.4304587691714685,0.49369373765980806,0.10629069078055409
0.4504766156444746,-0.04183540101335104,-0.5949478795460408,-0.4517404155503626,-0.010003640273564152
0.6803075877286131,-0.9962542761792095,0.1266421113038042,0.46329248246474286,-0.6554967235931284
0.2110036610541084,0.45477613530458316,0.43008143970616025,-0.18273896184620075,0.49594847169366596
-0.9168488950013769,-0.8362767337932635,-0.24746645463710903,-0.7216997833808818,-0.4031171670767155
-0.8866759544699498,-0.339746629187345,1.2444676257927476,0.6717960855254221,0.11706417756755827
0.33409065997752396,0.8162291277350511,1.465541599956104,0.7058918328724562,-0.8251190208866817
0.6579774390822655,-0.8412382718876767,1.6700797102927911,0.5600839276394165,-0.3521041786445569
0.7056060650199778,0.08038043030534103,0.7045186051389813,-0.08999930676215029,-0.6922062940022198
0.4927393238712161,-0.6638513876146575,-1.632836022361184,-0.5204391338643424,0.7872496156663094
0.6600091224219169,0.3919241882446336,-0.05596944406537166,0.1675360514411406,0.6785795502332717
0.004579042402914624,0.8001362978459257,-1.4451420862098625,-0.36292847725799104,0.35861156511018044
0.6800398403413686,0.6811780774459408,1.3592241826538651,0.8852723554444717,0.2558183374278533
0.283074420663886,-0.30226246599906603,-0.23935980838616433,-0.9035665507424904,0.00017784009288290825
-0.2419928462300629,-0.22302408775846838,-0.07062217079188382,-0.6300588964256066,-0.14810518397441785
-0.18582316563182766,-0.21314194752818771,-0.3526284131925921,0.48108663000131746,0.9646441068802143
0.9080467275145847,-0.9539346133198285,-0.1559609512188087,0.16559989882464143,-0.8695290945689629
0.17317786710260363,-0.31260529224991895,-0.18573666205279904,0.575036303543141,0.974399303393283
0.07944083075557762,0.8387703569243838,1.2323111572125525,0.7649203788649541,0.286027510684411
-0.997442267369949,-0.38888822064498707,1.5429939726849335,0.7079210762520345,-0.63707707819737
0.1338517070268237,0.02725808319041878,-1.4191544691305686,-0.8655574580036087,0.6496860929029049
0.6550632262550928,0.7795245075381569,-0.666234727261888,0.1669108364381966,0.7207412210736803
-0.5508539633549685,-0.02423803373121247,0.7588423948779597,0.3446048160379618,-0.4492999121933352
-0.8235391076929328,-0.12616651607873708,0.04030706027093833,0.7792262374587229,-0.24229886794622857
-0.9264880285716552,-0.16938887978879724,0.020772722631379553,-0.17298634612418717,0.5214900444404873
0.20781908307011454,0.829295300714737,-0.2807290654111789,0.0025899586450710554,-0.583391237710492
-0.27563010721901837,0.9341723482751172,0.7362212796075374,0.6492730012952306,0.5767286555858355
0.25987971312403313,-0.732261542809062,-0.4659275456302924,-0.12403434091650278,0.2577383665432804
-0.748285085901722,0.1462609995557167,0.4727379924464168,0.5671085309495634,0.31135416369367697
-0.023198818428868728,0.719468582715389,-0.2950205299564047,-0.7606320545873315,0.4250672899368326
-0.9539922444438176,0.730764418934087,0.596461208810348,0.1054872027697662,-0.35257065051961023
-0.32161399205649377,0.5087935427496748,-0.14128130636620384,0.48304011208333386,-0.3608975564947583
-0.09626056124133942,0.17948463815334503,0.5684384367285671,0.35391163692510164,-0.23812516191319655
-0.743645127758892,0.3768814717484772,0.31827041008909557,-0.2903352234421228,0.16895197182305433
0.5000579198228747,-0.20454616343244103,0.1992751831337688,0.6478195577953034,-0.9627146321890405
-0.10194342741457874,0.45377032577819576,-1.0313813352314944,-0.6713996860344562,-0.23610642198834886
0.9977514155788356,0.8441471327578178,0.19270849843588245,0.39495506694921434,0.7069876412368026
0.4822112840737025,-0.27576790290711095,1.0627483054289177,0.8879355088971632,0.1821618223721131
0.5436665951403814,0.6877951306077799,-0.8156564660244563,0.09962845162972322,-0.8598170412638686
0.36562144968815824,0.40137259199696707,1.1000142257366563,0.399803078441888,-0.203016903687526
-0.6304273741682291,-0.7342075841198086,-0.9940398922105508,-0.2928228986309598,-0.861647018119311
0.759870187850495,-0.8854013846001885,2.047810130249001,0.8872968254025486,0.38481776626875974
-0.0738531086006371,-0.261962354744288,-0.7752032781229544,-0.515301459030473,-0.040598544322716146
-0.9143028937817834,-0.8498872746008002,0.43536253564197935,0.40314036065846737,0.16934960795466614
0.3376230292543032,-0.7801979541669319,-0.028053733246454007,-0.0863557261315917,0.6897805664851253
0.5337468423949041,-0.2946188173912585,1.8604684873677906,0.9130302318743393,-0.6111326363100997
-0.1398896326614676,-0.945041167709114,-0.8824429653539587,-0.8008726895734506,0.8212164839843603
-0.14428003011258683,0.08246988427577051,-0.1933657290121259,-0.5710157391149746,-0.6960710782534454
-0.3913973122609613,-0.7581780765297554,0.912580182098041,0.5030874033518524,0.9581778309492728
0.1053652975397803,0.2709797650459591,-1.2838826683505111,-0.7335029533014403,-0.35506896716293523
-0.17974356393988256,0.4919958297276741,-0.22433822477061516,0.2126665136104482,-0.9349750125891683
0.6213986094398336,0.9123267652553504,0.1917312497811371,0.3662072544741539,0.8153871521993734
0.8763932823187632,-0.5922671956708727,0.32023792175980437,-0.39689123457977105,-0.8379626286676936
0.286807992489142,-0.05586469974980912,0.5894641950122124,0.2660947671201275,-0.025253641526189696
-0.5356746876609197,0.3902703336500457,-0.8674650856189068,-0.2845368515152604,0.94807144710996
-0.3770488881635359,0.9303755471107527,-1.066245140998507,-0.5534438575187284,-0.36108446184955434
-0.9645084099607413,0.8204381073108216,-2.0297195131762686,-0.8308718092864085,-0.5044739099913635
-0.6683778203767774,0.14284633133869984,-0.26673955345941336,-0.2819243504004314,-0.19737370391730935
0.5534590756531981,0.1684491566962325,-0.5652051203098348,-0.571736209717413,-0.28469248078846476
-0.01278746049080115,0.9691060651598267,-1.3697981673346897,-0.9857288995973961,0.2810214577798178
0.4718111831304517,0.438981802729854,0.24104118107794303,-0.516715150864649,0.2607143571124555
0.29027185167859404,0.43333693817695007,0.546589222343066,0.9860456386410683,0.49173409751820607
-0.48611666293569256,-0.9452246883407085,-1.4911334395536753,-0.979239952090333,0.017393502166678898
-0.19337722786329592,-0.26134376283813965,0.44351502180121716,0.30183287219454646,0.5579443005206501
-0.7997937484035524,-0.1660920706763771,0.3360206643412464,-0.010486490151888184,-0.024572642795379407
-0.00278820848084238,0.8441369347906615,-1.2792241616998008,-0.5983660109451785,0.7733156721205565
-0.8309197535490163,0.7404712612170947,-1.5784272144041616,-0.75429648931517,0.46292536128338835
-0.9039382799659346,0.42158229958937143,0.540946147639403,0.14934691760143615,0.020925795319584717
0.028454795246771303,-0.20226780666549415,-1.4216666071065478,-0.998094410350878,-0.43581862881963307
-0.25447594962691134,0.9821327160743842,-0.3563080788760221,0.2842838916446033,0.2706789322654972
0.7493911576886536,-0.6650743788997073,-1.6162533542279347,-0.8437986852567227,-0.19506060460282404
0.5235272496949241,0.5568193023308221,0.862958169376502,0.7897320954519287,0.5006090810450081
0.19683072632183496,-0.663795002904292,1.220699218487845,0.5691952519612795,-0.639222127778907
-0.6648461091578461,-0.7588290440497494,-0.5000560841445778,-0.9056842838677812,0.6886716417250938
0.720474741576892,-0.05725821274004117,-0.6970794385306112,-0.8517084921626972,0.7215411093888269
0.3404333847230545,-0.09252470456047557,-0.3363805344083941,0.5146659655404944,0.40065512681183035
-0.8392284147129685,0.9677330690750952,-0.43102182099395125,-0.32493801630116215,-0.5827836114661264
0.8544460353616701,0.4714787045058233,-0.6823339184374009,0.012304651676144251,0.7739599380769178
0.5162414123182342,0.341642677458434,-0.8366116585564991,0.01825626609768327,-0.32641590428056455
0.4746810181343377,0.7411599046557904,-0.6062583739689145,0.13124115788082014,-0.04144632693662342
0.498756709684,-0.3304430384661652,0.27530409332774647,0.17112171512567453,-0.13119600082378424
-0.4281842559877702,-0.7764293402202029,1.8325222324055772,0.7396333383739573,0.9926850539997287
-0.11374250226657989,-0.9218079208404049,-0.9771406875888147,-0.21446475092540518,0.9439795951498477
0.4937782441666958,0.024903531152047353,0.2887343234687887,0.9973323120034852,-0.21903558177507
-0.4016808214395433,-0.6540110047449139,1.3710753296660456,0.7891885138690953,-0.21244099751942636
-0.9451521395643983,-0.8017382208968298,-0.1257312182054024,0.08069932053005258,0.6729532701216869
0.9257962197896774,-0.2309896193236285,-0.7324966632608039,-0.8726179192462402,-0.49228496648732967
0.8694488806376308,-0.7239096143275627,0.10698005897714524,0.8027180404172338,0.5082991625726365
0.5848775375592683,0.24263221861002982,-0.9769305223830379,-0.21986980792921074,-0.9312395587885607
-0.8010331459882296,0.3850942002174014,-0.8121416608734926,-0.9178138692341731,-0.5936861967895102
-0.5066109872972584,0.11598655983876571,0.8727716216720972,0.20494324824485055,0.1897244712777404
0.44130275613621284,0.2421433582414374,1.2186535764272604,0.6939857162547896,-0.7986098471557683
-0.03057876832058426,-0.2645665271102702,0.10234013443589918,0.6809500731642255,-0.2805578583465562
0.5051491913798254,-0.5611352519893376,-2.0441733458954587,-0.9157491363791765,-0.5561225994057193
-0.62427039394616,0.1264529812847588,1.4544611789683939,0.9135384964654951,0.8740836848846318
-0.1287513406318186,-0.8445798839778391,1.0605982482209035,0.7974241767745911,-0.8912586019646216
0.4168536833648069,0.10681860826819878,-1.0417346719409037,-0.7495317158673502,0.7003840162305288
-0.48166061151622186,-0.5375578269573933,-0.14197914534471867,-0.7391651155863364,-0.9460810682958858
0.7712269595874202,-0.6647919173654959,-1.2922977249001,-0.5826592333996428,0.3123770331253246
0.3332601947292535,-0.20102409425872136,-0.7806441646111753,-0.8431431871824591,0.7983673713902772
0.4967851151798206,-0.3907938486197402,-0.6678267834054697,-0.06643169594145992,-0.07306393010024115
0.6436473265948173,0.6681996924352376,0.3454709363096724,0.9747639421921455,-0.5223443794787748
-0.4616090220350084,-0.8871546004780031,-1.5372140851962959,-0.7313561489279239,0.27900677321666967
-0.9774418370109585,-0.42948723385908605,-0.13194948925393768,-0.2173675197834013,0.15044625790037314
0.1394583499362001,0.8862397984196151,0.7544771452213503,-0.14815956652981077,-0.15424019524828103
-0.5811822729751226,-0.09543603828917924,-0.48157082439344373,-0.21446856029061134,0.2118606450520586
-0.4844290174229837,0.9050183231641102,1.5942736100245387,0.5204207621594112,-0.1835480109485672
0.41788564234601266,-0.9519328634940762,-1.184944341544402,-0.25685751833224035,-0.7255961226282988
-0.377732167916738,-0.2618763853658288,-0.607764696467894,0.07869936089606644,0.7562081568999519
-0.7570988930678071,0.878590763812694,1.4342444345383363,0.9901470066471265,0.4431145774879268
0.18117976499510813,-0.20753150227039519,1.5504913938368279,0.46212034572265104,-0.8195000401399417
-0.8110032031123504,0.44354312214157043,0.08934517746318582,-0.6253558993442558,-0.4848112841627572
-0.14237427070596254,0.16003732915226165,2.0663105956497203,0.9901382941990726,0.7990150286578674
0.5383077159661829,0.9596487920727639,-0.6576354484677904,-0.434062481358203,-0.9766855704188768
0.3573246604539606,-0.7593532874376827,0.2587054267774718,0.28559633163691056,0.0975368318843639
-0.21734859384351823,0.7221162294678163,-0.363990299179589,-0.4690199250136182,-0.6375947083682809
0.8846639257712845,0.03275874176167459,1.2392651792707534,0.4137372954208758,-0.34253382053324155
-0.997473701159969,-0.6723124018679485,0.4929686781442566,0.7921867757158181,0.6766510466865678
0.33051958545101745,0.9432734330602839,0.4365718016590107,0.035726447264590844,-0.8372419431815965
-0.4218114601953351,0.6380241865221743,-0.8283740112604698,-0.6215658198530141,-0.39491177716625114
0.8366205997787886,0.2037575709913313,-0.6239534422201664,-0.7691312048544587,0.8619258425896292
-0.6927385872287937,-0.6902880020148103,-0.3083820008777045,-0.3544022367640687,0.35337975412092515
0.7167146318629829,-0.7665853217416534,1.7630382730285674,0.9840057506322024,0.30361868584797547
-0.6791695381692568,0.07337363168118372,0.9265081319183941,0.28660165820917727,-0.21198195863511016
-0.39596718282711385,0.2570001169417746,1.3733134820517026,0.5810550348674777,-0.7311848092254203
-0.13596189596486408,0.534147266722282,-0.5758559172192864,0.3209024367248563,0.5661236273631167
0.4037741262737369,-0.30845993044907516,-0.48195093551728424,-0.3089898628031491,-0.1835630434260891
-0.48652977889073146,-0.16240014405469538,-0.5177043059337026,0.3332895837070302,-0.04013324436385135
-0.5082010640408621,-0.25472678904909807,-0.670243119436126,-0.7519089259625193,0.8630475311503116
0.5047967323431726,0.8890031144255968,0.2953297913826182,0.07579093029087791,-0.05234477317067232
0.09713218163125603,-0.9521811411096535,-2.0579826182143126,-0.9967632167385008,0.018807728422614245
0.9541559061665104,0.4762554955350782,-0.9856071076766055,-0.9854780970726071,-0.549315031331209
0.22668288313050056,0.059577211431178556,0.03833519105750782,0.34765756592189057,-0.3771024544079571
0.8982398357967705,-0.22495644241418522,1.0526496200125512,0.8843734536367505,0.6071852341021533
-0.6711366838958877,0.7562686159652097,-0.19254291074995888,-0.7723117172475134,-0.6308134853640812
0.9267719610083214,-0.04093166632626688,-0.10472622300369973,-0.07904028533274876,0.20444499427304574
-0.9056212718863148,-0.25475606572077525,0.15997030061438666,0.5408629197697148,-0.298682864051653
-0.2225484884925426,-0.20984169805152653,-0.29496671853820944,0.13540342438369635,0.6922230928445068
-0.7904626299893269,-0.6907305329901767,1.067135459418354,0.4024456985436706,-0.16317523241824694
0.4705056303089279,0.23649151713734984,1.4812658061229187,0.3917199456446949,0.20455700538048838
-0.8023571410442862,0.36254050415117334,1.9692943740851487,0.9404159211590644,-0.20047040954740147
0.28812804786343627,0.5507680366118439,-0.8104198073301735,-0.7286355689900295,0.776946323908553
0.4858814962924829,-0.617467115345306,1.0662472178388152,0.24940478647148567,0.283093009458834
-0.7573810261402656,-0.5262540468981753,-0.5633577277682036,-0.41403760382791943,-0.4258286924442347
-0.6117831276688848,-0.7266477951786061,0.2636475741328097,0.8042609010829262,0.7335175141891093
0.49251618654119733,0.2271370769943799,-0.49617145436016585,-0.8397457960487911,0.7339326237524866
0.47146949081070755,0.04336996482464728,0.7463021431840553,0.7103487754675177,0.012967485904026743
0.7636271271803179,-0.414595446984485,-0.7027067143180777,-0.5750912097247549,0.41644378235255486
-0.18353016723290794,-0.12492866524394519,0.3946055861166834,-0.40667863148357153,-0.8869506518534374
0.4830590454920296,-0.7747012538068208,1.5302647204469149,0.7170404005918583,0.15978707502537626
0.5760505042488526,-0.7828049581204137,0.8743383486772004,0.6088899303591113,-0.8065343606478954
0.6343422843975064,-0.21110278772358382,1.870345582682963,0.8618598149967809,-0.1413554490410709
-0.2625908639244061,-0.9377391713415817,1.0090594520538931,0.9134284106866719,-0.20500149238814758
0.7621949081992274,-0.35129600667001903,-0.2876491907767653,0.12748611346334515,0.3609645668685699
-0.2582941706174817,0.5477483310772522,-1.1898486131781922,-0.9566164528500325,-0.171080078177692
-0.775954592689228,-0.8998717676813415,0.69462199714954,0.45222025374691066,0.7377576575374096
0.8698195583462534,-0.9165260493228091,-0.31952829020954976,0.10276367741684211,-0.23776597919130005
-0.4674932543071588,-0.5494853218934928,-1.3487814723805007,-0.3350457096874171,0.1883648480058573
